Tipo;Numero;Data;DataVencimento;Cliente;NIF;Artigo;Descricao;Qtd;Unidade;PU;Desconto%;IVA%;SubtotalSemIVA;TotalIVA;TotalLinha;Armazem;Vendedor;Observacoes
FR;FR 2025/3675;2025-01-13;2026-04-02;Eta Consulting SA;PT024836470;ART007;Artigo ART007 - Lote 8331;108;M3;937.45;5;13;96182.37;12503.71;108686.08;AZ03;Rui Costa;Ref 50525046
FT;FT 2025/7912;2026-06-11;2026-08-21;Iota Services SA;PT858277762;ART012;Artigo ART012 - Lote 6511;420;PC;2243.14;6;6;885591.67;53135.50;938727.17;AZ05;Catarina Lopes;Ref 41403583
FT;FT 2025/6483;2026-10-20;2026-06-06;Epsilon Tech SA;PT927443900;ART030;Artigo ART030 - Lote 6245;61;M3;1642.52;4;23;96185.97;22122.77;118308.74;AZ03;Catarina Lopes;Ref 08293063
ND;ND 2025/0254;2025-04-03;2026-06-27;Kappa Manufacturing Lda;PT895002980;ART055;Artigo ART055 - Lote 5343;163;L;195.57;10;13;28690.12;3729.72;32419.84;AZ02;Carlos Oliveira;Ref 97078315
FT;FT 2025/2584;2024-11-20;2026-12-03;Theta Group Lda;PT496813478;ART050;Artigo ART050 - Lote 3883;236;L;2716.04;0;23;640985.44;147426.65;788412.09;AZ01;Bruno Alves;Ref 69394892
ND;ND 2025/1706;2026-05-10;2025-03-26;Eta Consulting SA;PT091981451;ART033;Artigo ART033 - Lote 4671;314;UN;1826.64;12;13;504737.16;65615.83;570352.99;AZ05;Maria Santos;Ref 75804710
NC;NC 2025/2388;2024-09-20;2026-12-18;Gama Corp;PT005859983;ART007;Artigo ART007 - Lote 4701;397;KG;2063.51;3;23;794637.07;182766.53;977403.60;AZ05;Maria Santos;Ref 12861285
ND;ND 2025/8016;2024-06-23;2025-01-19;Delta Serviços Lda;PT978443599;ART003;Artigo ART003 - Lote 2412;136;UN;2926.02;0;23;397938.72;91525.91;489464.63;AZ05;Carlos Oliveira;Ref 56198130
NC;NC 2025/3007;2024-12-29;2026-09-09;ACME Lda;PT216014837;ART007;Artigo ART007 - Lote 7794;163;CX;2509.25;4;13;392647.44;51044.17;443691.61;AZ04;Rui Costa;Ref 98935706
RG;RG 2025/3756;2026-04-17;2025-08-12;Beta Solutions SA;PT518265842;ART050;Artigo ART050 - Lote 9641;127;CX;566.16;13;6;62555.02;3753.30;66308.32;AZ05;Catarina Lopes;Ref 27963031
RG;RG 2025/3749;2024-04-07;2026-04-01;Theta Group Lda;PT713066970;ART012;Artigo ART012 - Lote 4695;359;M3;1982.48;9;13;647656.39;84195.33;731851.72;AZ05;Catarina Lopes;Ref 53273193
FT;FT 2025/5226;2025-05-18;2025-06-25;Beta Solutions SA;PT255872794;ART007;Artigo ART007 - Lote 2686;91;L;2072.56;14;23;162198.55;37305.67;199504.22;AZ02;Bruno Alves;Ref 55701185
FT;FT 2025/2887;2025-02-14;2025-05-10;Iota Services SA;PT258200563;ART018;Artigo ART018 - Lote 6858;459;M;124.38;6;13;53664.99;6976.45;60641.44;AZ02;Bruno Alves;Ref 48777888
ND;ND 2025/4273;2026-02-12;2026-06-21;Kappa Manufacturing Lda;PT806444538;ART050;Artigo ART050 - Lote 8355;246;KG;1564.90;14;23;331070.24;76146.16;407216.40;AZ02;Maria Santos;Ref 05420566
FT;FT 2025/0090;2026-08-04;2025-05-06;Gama Corp;PT330899162;ART007;Artigo ART007 - Lote 1071;257;CX;301.89;4;13;74482.30;9682.70;84165.00;AZ02;Maria Santos;Ref 17372885
FR;FR 2025/1508;2025-11-06;2025-07-18;Kappa Manufacturing Lda;PT902575027;ART018;Artigo ART018 - Lote 2596;151;M3;1527.80;13;13;200707.09;26091.92;226799.01;AZ01;Rui Costa;Ref 15562263
FT;FT 2025/1355;2024-04-11;2025-02-28;Eta Consulting SA;PT675369998;ART021;Artigo ART021 - Lote 5115;290;UN;1994.38;4;6;555235.39;33314.12;588549.51;AZ03;Pedro Fernandes;Ref 73632809
FT;FT 2025/3038;2026-07-12;2025-09-17;Beta Solutions SA;PT641746481;ART045;Artigo ART045 - Lote 3504;270;L;1676.90;6;6;425597.22;25535.83;451133.05;AZ02;Rui Costa;Ref 36218908
RG;RG 2025/2798;2026-02-22;2025-11-21;Kappa Manufacturing Lda;PT586008372;ART055;Artigo ART055 - Lote 2366;98;L;487.91;12;13;42077.36;5470.06;47547.42;AZ02;Nuno Rodrigues;Ref 40015840
FR;FR 2025/6535;2025-04-20;2026-02-17;Epsilon Tech SA;PT400219684;ART003;Artigo ART003 - Lote 8772;337;M3;1575.87;0;13;531068.19;69038.86;600107.05;AZ03;Ana Pereira;Ref 54135310
ND;ND 2025/9883;2024-06-08;2026-03-23;Kappa Manufacturing Lda;PT055760889;ART003;Artigo ART003 - Lote 0817;386;L;2127.03;12;13;722509.55;93926.24;816435.79;AZ02;Catarina Lopes;Ref 53162099
RG;RG 2025/8108;2025-09-04;2026-03-29;Theta Group Lda;PT006107337;ART021;Artigo ART021 - Lote 5168;474;M3;214.53;2;6;99653.48;5979.21;105632.69;AZ04;Rui Costa;Ref 79916253
FR;FR 2025/8058;2026-10-24;2026-12-26;Epsilon Tech SA;PT501353718;ART033;Artigo ART033 - Lote 7910;94;KG;2235.57;2;23;205940.71;47366.36;253307.07;AZ05;Catarina Lopes;Ref 60688810
NC;NC 2025/6734;2025-05-13;2026-01-31;Zeta Industries Lda;PT796930938;ART001;Artigo ART001 - Lote 4596;265;M3;2726.73;0;6;722583.45;43355.01;765938.46;AZ04;Nuno Rodrigues;Ref 12085532
FT;FT 2025/3009;2026-06-16;2025-01-02;Beta Solutions SA;PT492533237;ART001;Artigo ART001 - Lote 2072;16;M3;1797.23;2;6;28180.57;1690.83;29871.40;AZ03;Maria Santos;Ref 61516764
FT;FT 2025/1535;2024-06-15;2025-02-18;ACME Lda;PT594242901;ART003;Artigo ART003 - Lote 0051;170;CX;2088.93;8;23;326708.65;75142.99;401851.64;AZ02;Ana Pereira;Ref 58606472
ND;ND 2025/1055;2025-04-15;2026-12-20;Delta Serviços Lda;PT161352049;ART021;Artigo ART021 - Lote 2924;475;L;1022.14;13;6;422399.35;25343.96;447743.31;AZ04;Sofia Martins;Ref 99251430
ND;ND 2025/5985;2024-12-14;2026-05-20;Beta Solutions SA;PT466201986;ART045;Artigo ART045 - Lote 7632;52;M3;1191.42;13;6;53899.84;3233.99;57133.83;AZ05;Maria Santos;Ref 85475054
FT;FT 2025/4468;2026-03-30;2026-07-09;Kappa Manufacturing Lda;PT718859580;ART025;Artigo ART025 - Lote 0998;288;PC;137.20;11;23;35167.10;8088.43;43255.53;AZ05;Rui Costa;Ref 99070722
ND;ND 2025/9667;2024-11-05;2026-09-26;Kappa Manufacturing Lda;PT039183882;ART015;Artigo ART015 - Lote 4406;14;L;1034.40;9;6;13178.26;790.70;13968.96;AZ05;Sofia Martins;Ref 17088692
NC;NC 2025/5284;2025-07-08;2026-08-01;ACME Lda;PT388972953;ART025;Artigo ART025 - Lote 9252;213;KG;1768.06;11;23;335171.13;77089.36;412260.49;AZ05;Ana Pereira;Ref 51858872
RG;RG 2025/8920;2024-07-29;2025-07-07;Zeta Industries Lda;PT199492155;ART007;Artigo ART007 - Lote 3370;344;CX;2083.53;8;13;659395.57;85721.42;745116.99;AZ01;Nuno Rodrigues;Ref 77429971
FR;FR 2025/6325;2024-08-31;2025-12-15;Gama Corp;PT254093208;ART002;Artigo ART002 - Lote 2273;26;UN;75.04;4;6;1873.00;112.38;1985.38;AZ01;Carlos Oliveira;Ref 19061670
FT;FT 2025/1126;2024-06-01;2025-04-03;Beta Solutions SA;PT157849244;ART003;Artigo ART003 - Lote 8137;243;CX;1065.80;9;13;235680.35;30638.45;266318.80;AZ01;Bruno Alves;Ref 48830342
NC;NC 2025/0674;2025-03-16;2025-12-02;Gama Corp;PT640892583;ART033;Artigo ART033 - Lote 9200;320;KG;641.82;12;6;180736.51;10844.19;191580.70;AZ01;Ana Pereira;Ref 01987697
FR;FR 2025/9485;2025-06-15;2026-10-13;Gama Corp;PT336462610;ART012;Artigo ART012 - Lote 1245;241;M3;278.14;12;6;58987.93;3539.28;62527.21;AZ04;Catarina Lopes;Ref 63473718
NC;NC 2025/1281;2025-05-20;2025-01-07;Eta Consulting SA;PT749624360;ART007;Artigo ART007 - Lote 1115;280;KG;1763.40;14;13;424626.72;55201.47;479828.19;AZ01;Ana Pereira;Ref 16648979
RG;RG 2025/6653;2024-05-25;2026-02-08;Iota Services SA;PT607422984;ART003;Artigo ART003 - Lote 0321;333;UN;604.89;15;13;171214.11;22257.83;193471.94;AZ02;Sofia Martins;Ref 69693433
FR;FR 2025/0863;2024-07-05;2026-03-22;Iota Services SA;PT435044627;ART007;Artigo ART007 - Lote 0771;370;PC;2145.76;12;23;698659.46;160691.68;859351.14;AZ05;Sofia Martins;Ref 62388565
NC;NC 2025/0473;2025-11-19;2026-03-19;Delta Serviços Lda;PT941981787;ART001;Artigo ART001 - Lote 3425;98;M;2640.50;1;6;256181.31;15370.88;271552.19;AZ03;Nuno Rodrigues;Ref 81838665
FR;FR 2025/7384;2024-03-21;2026-11-11;Beta Solutions SA;PT333797017;ART045;Artigo ART045 - Lote 2885;426;CX;162.03;1;23;68334.53;15716.94;84051.47;AZ03;Bruno Alves;Ref 41921344
FT;FT 2025/1829;2025-09-12;2026-12-09;Delta Serviços Lda;PT561178361;ART040;Artigo ART040 - Lote 2656;57;L;1513.52;6;6;81094.40;4865.66;85960.06;AZ02;Carlos Oliveira;Ref 35901210
RG;RG 2025/0492;2025-05-14;2026-11-19;Gama Corp;PT373834456;ART025;Artigo ART025 - Lote 9710;10;M2;353.51;13;6;3075.54;184.53;3260.07;AZ03;Nuno Rodrigues;Ref 78670470
FR;FR 2025/2175;2024-02-20;2025-02-15;Theta Group Lda;PT112264290;ART007;Artigo ART007 - Lote 9268;3;M;2685.82;3;13;7815.74;1016.05;8831.79;AZ02;Catarina Lopes;Ref 31381080
FT;FT 2025/9924;2024-12-16;2026-06-03;Kappa Manufacturing Lda;PT856080658;ART030;Artigo ART030 - Lote 6719;124;M3;78.94;0;23;9788.56;2251.37;12039.93;AZ03;Pedro Fernandes;Ref 41732578
ND;ND 2025/6743;2026-05-06;2025-02-02;Gama Corp;PT179973215;ART007;Artigo ART007 - Lote 9085;175;L;2605.03;15;6;387498.21;23249.89;410748.10;AZ03;Bruno Alves;Ref 10703303
FT;FT 2025/1145;2024-10-16;2026-02-21;ACME Lda;PT280254579;ART015;Artigo ART015 - Lote 1268;478;M3;1726.57;6;23;775782.43;178429.96;954212.39;AZ01;Rui Costa;Ref 88060623
FR;FR 2025/1821;2026-11-07;2026-11-20;Theta Group Lda;PT019259262;ART015;Artigo ART015 - Lote 8137;321;L;1937.79;10;23;559827.53;128760.33;688587.86;AZ02;Pedro Fernandes;Ref 87214726
ND;ND 2025/3139;2025-08-06;2025-03-25;Gama Corp;PT622943532;ART055;Artigo ART055 - Lote 8931;432;KG;1654.95;10;13;643444.56;83647.79;727092.35;AZ03;Pedro Fernandes;Ref 96212800
RG;RG 2025/2711;2024-03-16;2026-06-02;Zeta Industries Lda;PT457845234;ART001;Artigo ART001 - Lote 3559;53;M2;1115.54;6;23;55576.20;12782.53;68358.73;AZ01;Maria Santos;Ref 48136635
NC;NC 2025/0889;2026-09-25;2025-08-22;Beta Solutions SA;PT993901641;ART040;Artigo ART040 - Lote 7572;235;UN;1952.88;10;6;413034.12;24782.05;437816.17;AZ03;Catarina Lopes;Ref 24795418
FT;FT 2025/7147;2026-02-01;2026-07-21;ACME Lda;PT778473459;ART040;Artigo ART040 - Lote 2286;333;KG;1711.55;14;13;490153.69;63719.98;553873.67;AZ03;Carlos Oliveira;Ref 79000236
NC;NC 2025/2257;2025-09-08;2025-03-28;Theta Group Lda;PT839359114;ART018;Artigo ART018 - Lote 6955;178;M3;2891.21;2;6;504342.67;30260.56;534603.23;AZ03;Pedro Fernandes;Ref 34725283
NC;NC 2025/8673;2025-01-14;2025-03-18;Gama Corp;PT931872725;ART033;Artigo ART033 - Lote 6226;30;M;198.41;3;13;5773.73;750.58;6524.31;AZ01;Sofia Martins;Ref 37080546
FT;FT 2025/7148;2025-11-21;2026-05-29;Eta Consulting SA;PT475200366;ART055;Artigo ART055 - Lote 6392;34;KG;1456.74;10;13;44576.24;5794.91;50371.15;AZ02;Pedro Fernandes;Ref 36125368
FR;FR 2025/1368;2024-12-06;2026-12-14;Kappa Manufacturing Lda;PT911052988;ART012;Artigo ART012 - Lote 3661;218;CX;1350.41;0;6;294389.38;17663.36;312052.74;AZ04;Nuno Rodrigues;Ref 71057980
FT;FT 2025/8038;2024-10-27;2026-11-13;Zeta Industries Lda;PT301839246;ART003;Artigo ART003 - Lote 9174;441;M3;241.04;2;13;104172.67;13542.45;117715.12;AZ01;Ana Pereira;Ref 65289490
FR;FR 2025/5571;2026-03-18;2025-11-28;Epsilon Tech SA;PT717552115;ART003;Artigo ART003 - Lote 7710;272;M3;2405.74;13;6;569294.31;34157.66;603451.97;AZ01;Ana Pereira;Ref 75622902
ND;ND 2025/2586;2025-06-14;2026-10-23;Gama Corp;PT729194587;ART007;Artigo ART007 - Lote 6256;467;UN;523.24;0;13;244353.08;31765.90;276118.98;AZ03;Rui Costa;Ref 64501701
FT;FT 2025/4480;2025-12-12;2025-09-15;Iota Services SA;PT810960494;ART030;Artigo ART030 - Lote 1823;225;M;2074.56;14;6;401427.36;24085.64;425513.00;AZ04;João Silva;Ref 55139890
ND;ND 2025/6848;2026-09-09;2026-01-20;Gama Corp;PT668733538;ART007;Artigo ART007 - Lote 4746;330;KG;1018.14;3;13;325906.61;42367.86;368274.47;AZ04;Maria Santos;Ref 95800410
ND;ND 2025/0837;2024-10-11;2026-02-24;Zeta Industries Lda;PT869030392;ART040;Artigo ART040 - Lote 6122;449;M;1982.59;3;6;863477.42;51808.65;915286.07;AZ03;João Silva;Ref 04823919
NC;NC 2025/4108;2026-01-26;2026-07-12;Gama Corp;PT690000324;ART045;Artigo ART045 - Lote 8077;303;CX;1755.81;9;23;484129.49;111349.78;595479.27;AZ01;Rui Costa;Ref 78526141
RG;RG 2025/0684;2025-07-27;2026-10-07;Theta Group Lda;PT047481971;ART021;Artigo ART021 - Lote 9519;60;L;2539.32;5;6;144741.24;8684.47;153425.71;AZ03;Sofia Martins;Ref 89203975
RG;RG 2025/0237;2024-11-04;2025-06-27;Gama Corp;PT889415259;ART045;Artigo ART045 - Lote 4130;208;UN;2350.41;9;13;444885.60;57835.13;502720.73;AZ04;Nuno Rodrigues;Ref 95190097
NC;NC 2025/9957;2024-10-10;2026-10-08;Iota Services SA;PT480002796;ART007;Artigo ART007 - Lote 8292;286;M2;2003.52;9;6;521436.12;31286.17;552722.29;AZ04;Carlos Oliveira;Ref 46109450
FR;FR 2025/2022;2024-04-18;2025-01-19;Kappa Manufacturing Lda;PT149268872;ART040;Artigo ART040 - Lote 2547;111;UN;2605.02;13;13;251566.78;32703.68;284270.46;AZ03;Sofia Martins;Ref 05969272
RG;RG 2025/0122;2025-05-02;2025-12-06;Epsilon Tech SA;PT619043396;ART045;Artigo ART045 - Lote 4904;343;PC;2918.21;6;23;940889.27;216404.53;1157293.80;AZ05;João Silva;Ref 30710307
FR;FR 2025/2282;2025-09-25;2025-12-03;Epsilon Tech SA;PT481680518;ART015;Artigo ART015 - Lote 3457;431;KG;409.00;3;13;170990.63;22228.78;193219.41;AZ01;Rui Costa;Ref 55219969
NC;NC 2025/9304;2026-06-22;2025-04-03;Epsilon Tech SA;PT786721480;ART040;Artigo ART040 - Lote 7420;317;KG;827.13;9;13;238602.19;31018.28;269620.47;AZ03;Catarina Lopes;Ref 71152344
FT;FT 2025/4091;2026-09-06;2026-05-16;Iota Services SA;PT575769502;ART055;Artigo ART055 - Lote 3765;150;CX;771.85;1;23;114619.73;26362.54;140982.27;AZ04;Catarina Lopes;Ref 86125090
FR;FR 2025/6682;2026-11-24;2025-01-15;ACME Lda;PT702333266;ART040;Artigo ART040 - Lote 8733;420;UN;466.44;9;13;178273.37;23175.54;201448.91;AZ01;Rui Costa;Ref 96632957
NC;NC 2025/1487;2024-03-20;2026-08-05;Epsilon Tech SA;PT209835594;ART055;Artigo ART055 - Lote 0019;426;CX;2455.11;2;6;1024959.32;61497.56;1086456.88;AZ03;Rui Costa;Ref 54607001
ND;ND 2025/4188;2026-04-15;2026-06-24;Iota Services SA;PT855047143;ART001;Artigo ART001 - Lote 2097;316;UN;115.69;3;13;35461.30;4609.97;40071.27;AZ04;Catarina Lopes;Ref 56797372
ND;ND 2025/6264;2024-10-16;2025-10-18;Gama Corp;PT979451748;ART055;Artigo ART055 - Lote 3305;115;M;2414.68;6;6;261026.91;15661.61;276688.52;AZ05;João Silva;Ref 15566569
FR;FR 2025/0011;2024-08-16;2026-11-21;Zeta Industries Lda;PT254778806;ART001;Artigo ART001 - Lote 1062;468;KG;2606.90;4;13;1171228.03;152259.64;1323487.67;AZ03;Sofia Martins;Ref 66177823
RG;RG 2025/2914;2024-09-11;2025-10-12;Theta Group Lda;PT270685752;ART050;Artigo ART050 - Lote 4915;421;CX;2408.93;13;13;882318.79;114701.44;997020.23;AZ01;Sofia Martins;Ref 43718049
FR;FR 2025/5713;2024-02-02;2025-09-25;Epsilon Tech SA;PT772151837;ART015;Artigo ART015 - Lote 9079;468;L;576.04;11;23;239932.18;55184.40;295116.58;AZ04;Catarina Lopes;Ref 85560518
ND;ND 2025/5743;2025-06-23;2025-06-21;Beta Solutions SA;PT506139202;ART018;Artigo ART018 - Lote 8594;379;M2;2043.41;11;13;689262.63;89604.14;778866.77;AZ02;Sofia Martins;Ref 68486454
RG;RG 2025/6188;2026-09-14;2025-11-06;Gama Corp;PT925939211;ART033;Artigo ART033 - Lote 9109;487;PC;341.04;15;13;141173.51;18352.56;159526.07;AZ04;Nuno Rodrigues;Ref 60650733
NC;NC 2025/4637;2026-07-26;2026-06-26;Gama Corp;PT625642856;ART030;Artigo ART030 - Lote 9457;439;CX;1078.92;4;6;454700.04;27282.00;481982.04;AZ03;Catarina Lopes;Ref 43227987
FT;FT 2025/4290;2026-05-03;2025-12-14;Kappa Manufacturing Lda;PT481393660;ART002;Artigo ART002 - Lote 1226;104;UN;1668.56;15;23;147500.70;33925.16;181425.86;AZ02;Carlos Oliveira;Ref 34381265
FT;FT 2025/1051;2026-04-10;2025-10-07;Zeta Industries Lda;PT227944341;ART012;Artigo ART012 - Lote 2049;341;M2;2783.05;5;13;901569.05;117203.98;1018773.03;AZ05;Nuno Rodrigues;Ref 24948659
NC;NC 2025/9590;2025-05-13;2026-04-06;Kappa Manufacturing Lda;PT382759523;ART033;Artigo ART033 - Lote 9385;205;M;379.35;15;23;66101.74;15203.40;81305.14;AZ02;Pedro Fernandes;Ref 04572270
ND;ND 2025/8537;2025-02-12;2026-04-08;Beta Solutions SA;PT471154541;ART002;Artigo ART002 - Lote 6923;255;M;183.13;12;13;41094.37;5342.27;46436.64;AZ03;Pedro Fernandes;Ref 67601548
ND;ND 2025/7889;2026-12-01;2026-06-28;Kappa Manufacturing Lda;PT083773889;ART033;Artigo ART033 - Lote 1301;408;M2;2850.15;3;23;1127975.36;259434.33;1387409.69;AZ04;Nuno Rodrigues;Ref 01799493
FR;FR 2025/6561;2025-06-02;2025-08-08;Beta Solutions SA;PT023991218;ART021;Artigo ART021 - Lote 4491;68;CX;1937.92;7;13;122554.06;15932.03;138486.09;AZ05;Bruno Alves;Ref 18798460
FR;FR 2025/8524;2026-03-20;2026-07-02;ACME Lda;PT535569311;ART003;Artigo ART003 - Lote 0588;351;KG;1051.92;5;6;350762.72;21045.76;371808.48;AZ04;Rui Costa;Ref 02762117
FT;FT 2025/4276;2024-04-13;2026-03-06;Iota Services SA;PT756697193;ART040;Artigo ART040 - Lote 2234;7;KG;2821.63;6;6;18566.33;1113.98;19680.31;AZ01;Carlos Oliveira;Ref 07307535
FR;FR 2025/0399;2024-05-07;2026-08-19;Epsilon Tech SA;PT999939425;ART002;Artigo ART002 - Lote 2801;123;UN;917.97;2;23;110652.10;25449.98;136102.08;AZ01;Bruno Alves;Ref 55174621
FR;FR 2025/4660;2026-07-23;2026-11-07;Zeta Industries Lda;PT665166029;ART015;Artigo ART015 - Lote 4325;328;CX;1709.82;8;6;515955.28;30957.32;546912.60;AZ02;Rui Costa;Ref 94510383
FT;FT 2025/6870;2026-08-24;2025-06-03;Gama Corp;PT615582146;ART018;Artigo ART018 - Lote 3590;286;M;2513.03;10;23;646853.92;148776.40;795630.32;AZ05;Carlos Oliveira;Ref 97287550
FR;FR 2025/1926;2025-03-26;2025-02-15;Beta Solutions SA;PT054493389;ART040;Artigo ART040 - Lote 4151;60;M3;1977.39;7;23;110338.36;25377.82;135716.18;AZ02;Sofia Martins;Ref 26511223
RG;RG 2025/5620;2024-02-16;2026-10-29;Eta Consulting SA;PT632100986;ART033;Artigo ART033 - Lote 2414;55;CX;1294.07;3;13;69038.63;8975.02;78013.65;AZ01;Rui Costa;Ref 73146207
FT;FT 2025/9183;2026-09-08;2025-02-05;Gama Corp;PT919494635;ART018;Artigo ART018 - Lote 1398;401;L;943.23;9;23;344194.06;79164.63;423358.69;AZ02;Pedro Fernandes;Ref 39647556
ND;ND 2025/7488;2026-02-16;2026-11-30;Kappa Manufacturing Lda;PT445690038;ART033;Artigo ART033 - Lote 2190;2;CX;786.57;11;13;1400.09;182.01;1582.10;AZ03;Catarina Lopes;Ref 78543748
RG;RG 2025/9879;2026-08-16;2025-03-19;Iota Services SA;PT612682957;ART050;Artigo ART050 - Lote 1424;185;CX;868.25;0;13;160626.25;20881.41;181507.66;AZ02;João Silva;Ref 23816498
ND;ND 2025/1155;2025-10-21;2026-06-06;Iota Services SA;PT858753517;ART018;Artigo ART018 - Lote 5329;297;PC;517.44;10;23;138311.71;31811.69;170123.40;AZ01;Pedro Fernandes;Ref 13144728
ND;ND 2025/8196;2024-06-09;2025-04-13;Zeta Industries Lda;PT813245589;ART030;Artigo ART030 - Lote 8633;184;M2;118.95;10;6;19698.12;1181.89;20880.01;AZ04;Pedro Fernandes;Ref 01218491
ND;ND 2025/5139;2025-03-09;2025-10-03;Kappa Manufacturing Lda;PT422387579;ART033;Artigo ART033 - Lote 6903;171;M3;780.44;14;23;114771.51;26397.45;141168.96;AZ04;Pedro Fernandes;Ref 92940166
FR;FR 2025/2770;2026-12-08;2025-02-07;Beta Solutions SA;PT117054752;ART002;Artigo ART002 - Lote 7963;132;M2;2975.83;11;23;349600.51;80408.12;430008.63;AZ01;João Silva;Ref 86560024
FT;FT 2025/3241;2025-01-19;2025-07-13;Eta Consulting SA;PT575051534;ART033;Artigo ART033 - Lote 2496;187;UN;1491.56;15;23;237083.46;54529.20;291612.66;AZ02;Ana Pereira;Ref 30187587
FT;FT 2025/9572;2024-04-02;2026-07-01;ACME Lda;PT535756214;ART030;Artigo ART030 - Lote 9275;327;CX;118.45;5;6;36796.49;2207.79;39004.28;AZ03;Maria Santos;Ref 79713909
FT;FT 2025/1481;2024-10-26;2026-10-29;Kappa Manufacturing Lda;PT568552151;ART018;Artigo ART018 - Lote 3685;262;M2;1126.14;1;6;292098.19;17525.89;309624.08;AZ02;Catarina Lopes;Ref 41069619
RG;RG 2025/1016;2024-02-21;2026-06-09;Kappa Manufacturing Lda;PT121412431;ART015;Artigo ART015 - Lote 8314;117;M;430.50;6;6;47346.39;2840.78;50187.17;AZ04;Catarina Lopes;Ref 64625444
NC;NC 2025/8020;2025-06-01;2025-10-25;Delta Serviços Lda;PT507689732;ART033;Artigo ART033 - Lote 4392;342;CX;1121.06;1;13;379568.49;49343.90;428912.39;AZ01;Ana Pereira;Ref 34986027
NC;NC 2025/8422;2025-02-01;2025-02-28;Theta Group Lda;PT449627608;ART025;Artigo ART025 - Lote 4347;424;CX;1530.35;10;6;583981.56;35038.89;619020.45;AZ03;Ana Pereira;Ref 66619630
FR;FR 2025/2592;2026-05-17;2025-03-05;Epsilon Tech SA;PT993106832;ART021;Artigo ART021 - Lote 7195;69;L;1315.13;13;23;78947.25;18157.87;97105.12;AZ04;Nuno Rodrigues;Ref 78336178
FT;FT 2025/7623;2024-04-29;2025-05-19;Gama Corp;PT224081579;ART003;Artigo ART003 - Lote 5779;434;CX;2100.76;9;23;829674.15;190825.05;1020499.20;AZ03;Pedro Fernandes;Ref 70471709
FT;FT 2025/7743;2025-08-09;2025-07-10;Delta Serviços Lda;PT158319094;ART015;Artigo ART015 - Lote 8215;367;CX;2525.78;14;13;797186.68;103634.27;900820.95;AZ01;Nuno Rodrigues;Ref 90147541
RG;RG 2025/9443;2026-10-09;2025-05-13;Eta Consulting SA;PT817081002;ART012;Artigo ART012 - Lote 9488;354;M2;1740.66;3;6;597707.83;35862.47;633570.30;AZ02;Catarina Lopes;Ref 17503274
ND;ND 2025/8739;2024-08-03;2026-08-27;Beta Solutions SA;PT761055782;ART045;Artigo ART045 - Lote 4947;173;M2;329.22;4;6;54676.86;3280.61;57957.47;AZ04;Carlos Oliveira;Ref 28025084
FR;FR 2025/1434;2024-05-03;2026-05-02;Theta Group Lda;PT790092266;ART001;Artigo ART001 - Lote 5831;344;M3;878.96;8;23;278173.26;63979.85;342153.11;AZ05;Ana Pereira;Ref 17333433
FR;FR 2025/6424;2026-11-10;2025-03-16;Delta Serviços Lda;PT702775701;ART015;Artigo ART015 - Lote 1420;97;UN;1084.72;11;6;93643.88;5618.63;99262.51;AZ01;Carlos Oliveira;Ref 46407796
FT;FT 2025/1428;2026-10-16;2026-10-24;Delta Serviços Lda;PT807651126;ART001;Artigo ART001 - Lote 3564;437;UN;338.18;13;6;128572.65;7714.36;136287.01;AZ02;Rui Costa;Ref 71986397
RG;RG 2025/8640;2024-07-19;2025-07-04;Delta Serviços Lda;PT260695635;ART015;Artigo ART015 - Lote 0754;226;L;2313.26;0;13;522796.76;67963.58;590760.34;AZ02;Maria Santos;Ref 97954602
ND;ND 2025/6100;2024-10-25;2026-09-27;Zeta Industries Lda;PT426212766;ART033;Artigo ART033 - Lote 0467;434;M;1253.16;15;6;462290.72;27737.44;490028.16;AZ04;Nuno Rodrigues;Ref 23257629
NC;NC 2025/7291;2024-11-02;2026-07-08;Gama Corp;PT461012970;ART021;Artigo ART021 - Lote 3849;101;KG;301.12;12;23;26763.55;6155.62;32919.17;AZ04;Carlos Oliveira;Ref 64487108
RG;RG 2025/5058;2024-01-09;2025-08-12;Beta Solutions SA;PT552706424;ART021;Artigo ART021 - Lote 6033;143;UN;974.10;1;23;137903.34;31717.77;169621.11;AZ02;Maria Santos;Ref 81730803
RG;RG 2025/9112;2024-05-16;2026-01-31;Beta Solutions SA;PT319780705;ART040;Artigo ART040 - Lote 6971;404;CX;684.38;9;23;251605.46;57869.26;309474.72;AZ02;Bruno Alves;Ref 03749290
NC;NC 2025/7577;2026-09-10;2026-06-02;Kappa Manufacturing Lda;PT853179925;ART012;Artigo ART012 - Lote 8154;475;L;2416.25;6;6;1078855.63;64731.34;1143586.97;AZ04;Catarina Lopes;Ref 24819846
FT;FT 2025/9655;2026-03-14;2025-08-21;ACME Lda;PT703990546;ART007;Artigo ART007 - Lote 3816;228;UN;2294.35;12;23;460338.38;105877.83;566216.21;AZ02;Pedro Fernandes;Ref 74935483
NC;NC 2025/7442;2024-10-17;2025-12-11;Beta Solutions SA;PT462492723;ART007;Artigo ART007 - Lote 4342;39;M3;2477.15;15;13;82117.52;10675.28;92792.80;AZ04;Bruno Alves;Ref 09435732
RG;RG 2025/9599;2025-08-31;2025-12-18;Epsilon Tech SA;PT239352816;ART033;Artigo ART033 - Lote 7889;255;L;576.21;1;13;145464.21;18910.35;164374.56;AZ01;João Silva;Ref 93984635
RG;RG 2025/0913;2025-05-07;2026-10-05;Zeta Industries Lda;PT182314634;ART015;Artigo ART015 - Lote 5573;468;M;730.59;9;13;311143.67;40448.68;351592.35;AZ05;Ana Pereira;Ref 57883243
RG;RG 2025/8794;2024-11-21;2026-09-16;Theta Group Lda;PT707440701;ART055;Artigo ART055 - Lote 1965;337;M2;1494.54;6;6;473440.38;28406.42;501846.80;AZ02;Rui Costa;Ref 14423596
FT;FT 2025/3333;2026-06-20;2025-10-02;Theta Group Lda;PT261675530;ART030;Artigo ART030 - Lote 5207;313;L;2326.55;1;23;720928.05;165813.45;886741.50;AZ01;Maria Santos;Ref 26214829
RG;RG 2025/4125;2026-01-01;2026-06-11;Beta Solutions SA;PT148750960;ART030;Artigo ART030 - Lote 8304;70;PC;1963.08;4;23;131918.98;30341.37;162260.35;AZ03;Pedro Fernandes;Ref 25348824
ND;ND 2025/9547;2026-09-14;2026-12-27;ACME Lda;PT395681866;ART040;Artigo ART040 - Lote 9737;431;PC;526.23;5;13;215464.87;28010.43;243475.30;AZ04;Ana Pereira;Ref 97643482
RG;RG 2025/4138;2024-11-14;2026-01-28;ACME Lda;PT747712739;ART015;Artigo ART015 - Lote 7051;254;L;2221.50;14;13;485264.46;63084.38;548348.84;AZ03;Sofia Martins;Ref 70451252
NC;NC 2025/9903;2026-10-24;2026-11-09;Iota Services SA;PT613377027;ART040;Artigo ART040 - Lote 3634;149;M2;372.06;1;13;54882.57;7134.73;62017.30;AZ03;Maria Santos;Ref 43100105
RG;RG 2025/0910;2024-11-06;2025-07-15;Iota Services SA;PT514300566;ART018;Artigo ART018 - Lote 5476;68;M3;2723.08;7;23;172207.58;39607.74;211815.32;AZ04;Carlos Oliveira;Ref 68689641
FT;FT 2025/5451;2024-06-07;2026-03-26;Delta Serviços Lda;PT692606080;ART030;Artigo ART030 - Lote 8424;239;PC;2734.67;2;6;640514.41;38430.86;678945.27;AZ02;Pedro Fernandes;Ref 06309935
FT;FT 2025/2510;2025-06-29;2026-09-23;Delta Serviços Lda;PT117212699;ART033;Artigo ART033 - Lote 4364;247;M;1644.18;12;23;357378.96;82197.16;439576.12;AZ01;Nuno Rodrigues;Ref 62743267
FR;FR 2025/9903;2025-04-29;2026-07-21;Theta Group Lda;PT032092375;ART012;Artigo ART012 - Lote 8785;154;KG;2998.28;9;13;420178.96;54623.26;474802.22;AZ01;Carlos Oliveira;Ref 29946578
RG;RG 2025/4074;2025-09-01;2025-12-26;Theta Group Lda;PT501295596;ART003;Artigo ART003 - Lote 6833;362;KG;1193.75;9;6;393245.13;23594.71;416839.84;AZ01;Pedro Fernandes;Ref 52387973
FR;FR 2025/5706;2025-07-02;2026-08-07;Zeta Industries Lda;PT524856171;ART015;Artigo ART015 - Lote 9206;309;M2;240.30;0;23;74252.70;17078.12;91330.82;AZ04;Maria Santos;Ref 64635244
NC;NC 2025/7355;2024-03-09;2026-06-13;Iota Services SA;PT604725009;ART021;Artigo ART021 - Lote 0987;66;PC;2979.56;14;23;169119.83;38897.56;208017.39;AZ05;Ana Pereira;Ref 12554953
NC;NC 2025/6521;2025-06-26;2026-11-23;Theta Group Lda;PT961747805;ART018;Artigo ART018 - Lote 5040;81;M3;2135.55;12;13;152222.00;19788.86;172010.86;AZ02;Catarina Lopes;Ref 15826841
FR;FR 2025/7219;2025-08-14;2026-08-21;Zeta Industries Lda;PT116047116;ART021;Artigo ART021 - Lote 7835;294;CX;2250.03;3;6;641663.56;38499.81;680163.37;AZ01;Nuno Rodrigues;Ref 89383840
NC;NC 2025/6166;2024-01-22;2025-10-16;Gama Corp;PT471660190;ART001;Artigo ART001 - Lote 1201;265;UN;1571.99;0;23;416577.35;95812.79;512390.14;AZ05;Rui Costa;Ref 34643260
NC;NC 2025/2811;2025-12-27;2025-02-03;Delta Serviços Lda;PT692292592;ART025;Artigo ART025 - Lote 3757;412;UN;2142.58;9;6;803296.09;48197.77;851493.86;AZ05;Pedro Fernandes;Ref 60309963
NC;NC 2025/4336;2025-11-22;2025-03-10;Epsilon Tech SA;PT830913828;ART040;Artigo ART040 - Lote 6982;431;KG;1729.39;15;23;633562.03;145719.27;779281.30;AZ02;Bruno Alves;Ref 65124985
RG;RG 2025/6145;2025-10-01;2026-05-17;Kappa Manufacturing Lda;PT860216466;ART030;Artigo ART030 - Lote 9482;304;CX;1764.03;12;23;471913.31;108540.06;580453.37;AZ03;Catarina Lopes;Ref 16492559
FT;FT 2025/0817;2025-02-12;2025-09-17;Kappa Manufacturing Lda;PT468846596;ART030;Artigo ART030 - Lote 9130;271;CX;2681.01;0;13;726553.71;94451.98;821005.69;AZ05;Sofia Martins;Ref 71547606
FR;FR 2025/8411;2025-09-01;2026-05-12;ACME Lda;PT198655057;ART055;Artigo ART055 - Lote 0546;332;UN;1387.04;7;6;428262.47;25695.75;453958.22;AZ02;Bruno Alves;Ref 52189727
NC;NC 2025/3813;2025-03-15;2025-12-17;Eta Consulting SA;PT441180063;ART003;Artigo ART003 - Lote 8669;433;KG;1510.31;13;6;568948.88;34136.93;603085.81;AZ03;Maria Santos;Ref 44069315
FT;FT 2025/4330;2024-10-24;2025-09-26;Gama Corp;PT722920322;ART050;Artigo ART050 - Lote 8898;403;CX;1910.51;3;6;746837.46;44810.25;791647.71;AZ05;Rui Costa;Ref 85212586
FT;FT 2025/8512;2024-09-26;2026-02-22;Delta Serviços Lda;PT461225882;ART012;Artigo ART012 - Lote 3853;36;M;1508.10;4;6;52119.94;3127.20;55247.14;AZ05;Carlos Oliveira;Ref 98890226
NC;NC 2025/3829;2025-05-11;2025-12-01;ACME Lda;PT530230155;ART015;Artigo ART015 - Lote 5430;85;L;1326.57;9;6;102610.19;6156.61;108766.80;AZ02;João Silva;Ref 74438875
FR;FR 2025/8357;2026-07-14;2025-03-10;ACME Lda;PT528012274;ART050;Artigo ART050 - Lote 9055;2;M2;86.35;7;13;160.61;20.88;181.49;AZ05;Rui Costa;Ref 11594115
FT;FT 2025/3462;2026-03-28;2026-08-13;ACME Lda;PT484761840;ART015;Artigo ART015 - Lote 5045;382;M3;2923.32;3;6;1083206.99;64992.42;1148199.41;AZ04;Carlos Oliveira;Ref 76381423
NC;NC 2025/5494;2024-02-09;2026-06-19;Theta Group Lda;PT346097660;ART012;Artigo ART012 - Lote 4126;450;UN;2361.11;1;23;1051874.50;241931.14;1293805.64;AZ05;Bruno Alves;Ref 73361536
FR;FR 2025/8785;2024-12-28;2026-10-08;Delta Serviços Lda;PT282651923;ART030;Artigo ART030 - Lote 0034;300;M2;2041.77;2;13;600280.38;78036.45;678316.83;AZ01;Pedro Fernandes;Ref 27261481
NC;NC 2025/1966;2026-07-31;2025-04-18;Gama Corp;PT652295492;ART012;Artigo ART012 - Lote 4380;307;M2;1999.62;0;6;613883.34;36833.00;650716.34;AZ04;Pedro Fernandes;Ref 60859674
RG;RG 2025/0296;2026-04-19;2026-05-12;Kappa Manufacturing Lda;PT674582152;ART001;Artigo ART001 - Lote 1887;273;KG;1320.29;13;13;313582.08;40765.67;354347.75;AZ02;Catarina Lopes;Ref 31698022
ND;ND 2025/9259;2026-02-21;2025-10-20;Iota Services SA;PT816977741;ART018;Artigo ART018 - Lote 7776;160;M;890.96;13;23;124021.63;28524.97;152546.60;AZ05;Carlos Oliveira;Ref 51802905
NC;NC 2025/1658;2026-06-17;2026-05-08;ACME Lda;PT831934579;ART040;Artigo ART040 - Lote 0062;331;KG;1538.41;14;6;437923.79;26275.43;464199.22;AZ03;João Silva;Ref 67889753
ND;ND 2025/9047;2024-08-26;2025-03-15;ACME Lda;PT559240578;ART033;Artigo ART033 - Lote 8328;102;L;706.79;2;23;70650.73;16249.67;86900.40;AZ03;Rui Costa;Ref 99578703
NC;NC 2025/5877;2025-10-22;2026-07-28;Theta Group Lda;PT206001459;ART018;Artigo ART018 - Lote 9541;16;L;1470.77;14;23;20237.80;4654.69;24892.49;AZ03;Pedro Fernandes;Ref 59159831
RG;RG 2025/4541;2024-08-04;2026-04-27;ACME Lda;PT839696928;ART012;Artigo ART012 - Lote 7092;234;M;2589.80;15;6;515111.22;30906.67;546017.89;AZ03;Pedro Fernandes;Ref 26024970
FR;FR 2025/7663;2025-07-18;2026-10-22;Kappa Manufacturing Lda;PT072538708;ART030;Artigo ART030 - Lote 5354;363;PC;1102.03;11;6;356032.83;21361.97;377394.80;AZ02;Carlos Oliveira;Ref 32757397
ND;ND 2025/6969;2026-09-23;2025-06-05;Gama Corp;PT081476886;ART040;Artigo ART040 - Lote 5588;352;KG;2603.06;11;6;815486.64;48929.20;864415.84;AZ01;Maria Santos;Ref 82106434
FR;FR 2025/2809;2026-04-04;2026-04-18;Epsilon Tech SA;PT556571975;ART007;Artigo ART007 - Lote 7515;6;L;1770.28;1;23;10515.46;2418.56;12934.02;AZ05;Carlos Oliveira;Ref 91081626
RG;RG 2025/7106;2024-09-06;2025-03-07;Zeta Industries Lda;PT385741193;ART045;Artigo ART045 - Lote 0513;266;PC;1505.37;2;6;392419.85;23545.19;415965.04;AZ03;Catarina Lopes;Ref 00046828
NC;NC 2025/9961;2026-12-28;2025-11-04;Beta Solutions SA;PT182553411;ART021;Artigo ART021 - Lote 2244;395;L;338.51;11;6;119003.19;7140.19;126143.38;AZ03;Ana Pereira;Ref 28682518
FT;FT 2025/6397;2024-09-20;2025-09-07;Theta Group Lda;PT554995679;ART002;Artigo ART002 - Lote 6946;11;PC;1080.52;9;13;10816.01;1406.08;12222.09;AZ03;Carlos Oliveira;Ref 09056725
FR;FR 2025/8491;2026-03-12;2026-05-29;Eta Consulting SA;PT751644531;ART030;Artigo ART030 - Lote 5290;335;M;856.51;5;13;272584.31;35435.96;308020.27;AZ03;Maria Santos;Ref 32219326
FR;FR 2025/8669;2026-01-12;2025-09-13;Epsilon Tech SA;PT840116765;ART003;Artigo ART003 - Lote 3802;229;CX;2700.49;0;6;618412.21;37104.73;655516.94;AZ05;Rui Costa;Ref 52304444
FT;FT 2025/6599;2024-05-17;2025-09-28;Zeta Industries Lda;PT078573276;ART025;Artigo ART025 - Lote 8890;388;M;528.77;8;6;188749.74;11324.98;200074.72;AZ05;Nuno Rodrigues;Ref 57423283
FR;FR 2025/3779;2026-08-02;2026-10-01;Epsilon Tech SA;PT274097106;ART001;Artigo ART001 - Lote 4147;295;KG;1813.18;4;23;513492.58;118103.29;631595.87;AZ04;Maria Santos;Ref 54043314
FR;FR 2025/9185;2025-02-20;2025-08-01;Beta Solutions SA;PT112498354;ART018;Artigo ART018 - Lote 7158;427;PC;1063.25;0;23;454007.75;104421.78;558429.53;AZ01;João Silva;Ref 48215462
ND;ND 2025/8367;2025-03-02;2025-08-11;Epsilon Tech SA;PT493780359;ART030;Artigo ART030 - Lote 4129;358;M;1831.52;0;6;655684.16;39341.05;695025.21;AZ05;Carlos Oliveira;Ref 93944889
NC;NC 2025/0346;2026-03-22;2025-12-12;Zeta Industries Lda;PT644538624;ART040;Artigo ART040 - Lote 1493;11;UN;2156.72;13;23;20639.81;4747.16;25386.97;AZ02;Carlos Oliveira;Ref 91860872
FT;FT 2025/1380;2024-10-17;2025-10-11;Zeta Industries Lda;PT929192495;ART033;Artigo ART033 - Lote 4700;238;L;559.38;14;23;114493.90;26333.60;140827.50;AZ04;Ana Pereira;Ref 46484046
ND;ND 2025/3486;2026-02-28;2025-04-20;Theta Group Lda;PT595091900;ART021;Artigo ART021 - Lote 0575;17;CX;2989.48;15;23;43197.99;9935.54;53133.53;AZ03;Rui Costa;Ref 67446759
RG;RG 2025/5747;2025-05-20;2026-11-15;Zeta Industries Lda;PT910646774;ART001;Artigo ART001 - Lote 4881;247;CX;2909.20;6;23;675458.06;155355.35;830813.41;AZ01;Rui Costa;Ref 73092407
NC;NC 2025/8956;2026-07-07;2026-06-05;Kappa Manufacturing Lda;PT362633649;ART030;Artigo ART030 - Lote 5198;3;PC;2718.43;10;6;7339.76;440.39;7780.15;AZ04;Carlos Oliveira;Ref 84418458
NC;NC 2025/9633;2025-03-23;2026-01-24;Eta Consulting SA;PT405864823;ART040;Artigo ART040 - Lote 3788;467;M2;2290.11;3;6;1037396.93;62243.82;1099640.75;AZ04;Ana Pereira;Ref 06343581
FR;FR 2025/5159;2024-02-25;2026-01-21;Beta Solutions SA;PT643616305;ART018;Artigo ART018 - Lote 2766;176;M2;1053.25;0;13;185372.00;24098.36;209470.36;AZ04;Pedro Fernandes;Ref 83698261
NC;NC 2025/3184;2024-03-22;2025-08-11;Eta Consulting SA;PT400402607;ART021;Artigo ART021 - Lote 8942;389;M;819.87;2;13;312550.84;40631.61;353182.45;AZ02;Sofia Martins;Ref 46578048
FR;FR 2025/7088;2024-08-27;2025-11-25;Zeta Industries Lda;PT074288353;ART002;Artigo ART002 - Lote 4045;436;M3;262.53;3;23;111029.19;25536.71;136565.90;AZ04;Maria Santos;Ref 25283262
NC;NC 2025/2376;2026-03-26;2025-10-12;Delta Serviços Lda;PT305455136;ART012;Artigo ART012 - Lote 6642;204;CX;2648.67;14;23;464682.66;106877.01;571559.67;AZ04;Carlos Oliveira;Ref 52739667
NC;NC 2025/4711;2026-03-18;2025-11-19;Gama Corp;PT381663687;ART040;Artigo ART040 - Lote 6203;408;KG;2599.80;6;13;997075.30;129619.79;1126695.09;AZ03;Rui Costa;Ref 13565976
ND;ND 2025/1029;2024-01-21;2026-07-09;Delta Serviços Lda;PT959730587;ART033;Artigo ART033 - Lote 4458;207;KG;1001.00;2;6;203062.86;12183.77;215246.63;AZ03;Bruno Alves;Ref 14206050
FT;FT 2025/6399;2024-10-14;2026-12-10;Iota Services SA;PT507528001;ART055;Artigo ART055 - Lote 0181;395;KG;1584.79;0;23;625992.05;143978.17;769970.22;AZ02;Sofia Martins;Ref 45698256
RG;RG 2025/7209;2024-05-24;2026-01-16;Gama Corp;PT793708640;ART055;Artigo ART055 - Lote 3412;22;M3;1858.77;11;23;36394.72;8370.79;44765.51;AZ04;Bruno Alves;Ref 14647582
FT;FT 2025/4034;2026-12-10;2026-06-19;Epsilon Tech SA;PT921009913;ART012;Artigo ART012 - Lote 0970;499;M2;1267.66;0;23;632562.34;145489.34;778051.68;AZ02;Sofia Martins;Ref 02152290
ND;ND 2025/4448;2024-01-05;2025-08-27;Epsilon Tech SA;PT262767746;ART040;Artigo ART040 - Lote 1215;217;M3;2026.92;9;6;400255.89;24015.35;424271.24;AZ02;Nuno Rodrigues;Ref 29513535
FT;FT 2025/5594;2024-05-23;2025-10-20;Theta Group Lda;PT243415075;ART025;Artigo ART025 - Lote 1644;219;M2;260.52;8;13;52489.57;6823.64;59313.21;AZ02;João Silva;Ref 58901449
NC;NC 2025/3031;2026-01-07;2026-06-17;Theta Group Lda;PT338679945;ART015;Artigo ART015 - Lote 5385;368;KG;2207.06;7;6;755344.21;45320.65;800664.86;AZ03;João Silva;Ref 28489683
NC;NC 2025/5920;2025-05-29;2026-11-28;Theta Group Lda;PT567242106;ART002;Artigo ART002 - Lote 5891;187;CX;1515.12;12;6;249328.15;14959.69;264287.84;AZ04;Rui Costa;Ref 37870619
FR;FR 2025/5834;2025-05-19;2026-08-16;Epsilon Tech SA;PT769934449;ART021;Artigo ART021 - Lote 6975;100;PC;1037.23;14;23;89201.78;20516.41;109718.19;AZ03;Sofia Martins;Ref 39480456
ND;ND 2025/8584;2024-11-25;2026-05-03;Zeta Industries Lda;PT403827647;ART040;Artigo ART040 - Lote 2125;469;PC;657.58;2;23;302236.92;69514.49;371751.41;AZ04;Nuno Rodrigues;Ref 39361071
NC;NC 2025/4915;2025-01-14;2026-06-12;Kappa Manufacturing Lda;PT635778925;ART001;Artigo ART001 - Lote 2629;2;KG;1695.51;1;13;3357.11;436.42;3793.53;AZ01;João Silva;Ref 95739082
FT;FT 2025/1803;2025-03-14;2026-10-19;Epsilon Tech SA;PT197700640;ART030;Artigo ART030 - Lote 2863;298;L;1708.31;10;6;458168.74;27490.12;485658.86;AZ01;Rui Costa;Ref 54809164
NC;NC 2025/0670;2024-03-28;2026-09-16;Delta Serviços Lda;PT767311005;ART002;Artigo ART002 - Lote 1629;162;M3;1050.28;13;23;148026.46;34046.09;182072.55;AZ02;Pedro Fernandes;Ref 97724165
FT;FT 2025/3843;2026-08-01;2026-06-18;ACME Lda;PT569624471;ART007;Artigo ART007 - Lote 0121;401;L;741.73;10;13;267690.36;34799.75;302490.11;AZ04;Pedro Fernandes;Ref 06827773
ND;ND 2025/7022;2026-02-22;2025-02-06;Eta Consulting SA;PT098252241;ART030;Artigo ART030 - Lote 9323;422;CX;71.95;13;23;26415.72;6075.62;32491.34;AZ04;Nuno Rodrigues;Ref 85771297
ND;ND 2025/6321;2024-12-22;2026-04-09;Zeta Industries Lda;PT800459754;ART007;Artigo ART007 - Lote 3899;175;KG;2958.22;14;13;445212.11;57877.57;503089.68;AZ02;Ana Pereira;Ref 14969668
FR;FR 2025/4651;2025-01-02;2025-11-13;Gama Corp;PT894698402;ART002;Artigo ART002 - Lote 9440;37;L;773.33;3;23;27754.81;6383.61;34138.42;AZ03;Nuno Rodrigues;Ref 62451245
ND;ND 2025/0018;2026-11-10;2025-06-07;Eta Consulting SA;PT946116695;ART040;Artigo ART040 - Lote 6999;190;L;632.03;3;23;116483.13;26791.12;143274.25;AZ02;Bruno Alves;Ref 13466660
ND;ND 2025/4511;2024-04-14;2026-02-27;Gama Corp;PT856355875;ART045;Artigo ART045 - Lote 9629;360;M2;2981.99;11;23;955429.60;219748.81;1175178.41;AZ01;Nuno Rodrigues;Ref 02273122
ND;ND 2025/6283;2024-07-11;2025-11-04;Zeta Industries Lda;PT599445729;ART003;Artigo ART003 - Lote 5483;142;UN;1054.32;14;13;128753.56;16737.96;145491.52;AZ04;Rui Costa;Ref 39894798
NC;NC 2025/7274;2026-11-29;2026-02-07;Eta Consulting SA;PT654425667;ART021;Artigo ART021 - Lote 5790;45;M3;1671.74;0;13;75228.30;9779.68;85007.98;AZ03;Pedro Fernandes;Ref 88734210
RG;RG 2025/9983;2024-09-11;2025-01-04;Kappa Manufacturing Lda;PT383596358;ART030;Artigo ART030 - Lote 7501;70;M2;752.07;7;6;48959.76;2937.59;51897.35;AZ01;Bruno Alves;Ref 49660323
ND;ND 2025/7851;2026-02-24;2026-07-28;Beta Solutions SA;PT640685188;ART012;Artigo ART012 - Lote 2250;383;KG;1170.77;9;6;408048.47;24482.91;432531.38;AZ01;Ana Pereira;Ref 76364316
FR;FR 2025/7259;2024-06-11;2025-06-07;Iota Services SA;PT601794854;ART018;Artigo ART018 - Lote 8419;161;CX;1115.91;5;6;170678.43;10240.71;180919.14;AZ05;Bruno Alves;Ref 24931976
FT;FT 2025/1607;2024-07-24;2025-02-22;Beta Solutions SA;PT673159306;ART018;Artigo ART018 - Lote 2049;145;KG;2367.52;8;6;315827.17;18949.63;334776.80;AZ05;Nuno Rodrigues;Ref 60740337
RG;RG 2025/7487;2024-05-01;2025-12-29;Gama Corp;PT462517145;ART025;Artigo ART025 - Lote 8445;424;M;1503.10;8;13;586329.25;76222.80;662552.05;AZ01;Nuno Rodrigues;Ref 27889983
ND;ND 2025/6081;2025-06-05;2026-11-11;Zeta Industries Lda;PT697177467;ART033;Artigo ART033 - Lote 5910;428;CX;849.17;7;6;338003.63;20280.22;358283.85;AZ04;Bruno Alves;Ref 59522844
RG;RG 2025/8650;2025-06-10;2026-07-10;Gama Corp;PT351430596;ART030;Artigo ART030 - Lote 6359;88;CX;84.76;12;13;6563.81;853.30;7417.11;AZ03;Nuno Rodrigues;Ref 17582916
RG;RG 2025/1046;2026-07-16;2025-02-15;Iota Services SA;PT139207625;ART025;Artigo ART025 - Lote 0461;488;PC;1591.33;8;23;714443.52;164322.01;878765.53;AZ05;Bruno Alves;Ref 22541090
RG;RG 2025/6799;2024-09-05;2025-11-13;Eta Consulting SA;PT720695312;ART030;Artigo ART030 - Lote 4489;287;KG;2045.63;4;23;563611.98;129630.76;693242.74;AZ03;Sofia Martins;Ref 51981165
FT;FT 2025/4150;2024-02-21;2025-07-27;Eta Consulting SA;PT097274982;ART012;Artigo ART012 - Lote 7602;403;PC;181.32;4;13;70149.08;9119.38;79268.46;AZ03;Ana Pereira;Ref 24579530
RG;RG 2025/6415;2024-12-19;2025-12-05;Zeta Industries Lda;PT574375983;ART001;Artigo ART001 - Lote 9949;418;KG;1453.42;9;23;552851.90;127155.94;680007.84;AZ02;Pedro Fernandes;Ref 53818143
FR;FR 2025/1660;2024-01-18;2026-06-01;ACME Lda;PT380652716;ART055;Artigo ART055 - Lote 6759;418;M2;2974.64;14;13;1069323.59;139012.07;1208335.66;AZ05;Maria Santos;Ref 51841426
NC;NC 2025/2969;2025-08-01;2026-03-17;ACME Lda;PT188224883;ART018;Artigo ART018 - Lote 1069;257;M2;2531.46;4;6;624561.81;37473.71;662035.52;AZ03;Sofia Martins;Ref 51630776
NC;NC 2025/4367;2025-05-29;2026-10-26;Zeta Industries Lda;PT807227463;ART018;Artigo ART018 - Lote 5701;132;M;101.11;3;13;12946.12;1683.00;14629.12;AZ02;João Silva;Ref 90720455
NC;NC 2025/8683;2025-02-17;2025-08-23;Gama Corp;PT995199445;ART040;Artigo ART040 - Lote 9808;454;L;1988.53;6;6;848625.06;50917.50;899542.56;AZ01;Carlos Oliveira;Ref 57848386
RG;RG 2025/0047;2026-04-04;2025-10-07;Beta Solutions SA;PT615423642;ART001;Artigo ART001 - Lote 0024;239;UN;2708.78;4;6;621502.48;37290.15;658792.63;AZ03;João Silva;Ref 40359856
FT;FT 2025/7913;2026-05-01;2025-10-11;Beta Solutions SA;PT756710319;ART040;Artigo ART040 - Lote 9276;206;L;1659.84;7;13;317992.15;41338.98;359331.13;AZ05;Maria Santos;Ref 90835728
ND;ND 2025/6098;2026-10-17;2025-02-09;Theta Group Lda;PT143189613;ART012;Artigo ART012 - Lote 0455;172;M;1418.09;4;23;234155.02;53855.65;288010.67;AZ04;Carlos Oliveira;Ref 17339431
NC;NC 2025/7201;2025-09-08;2025-02-03;Gama Corp;PT144427938;ART007;Artigo ART007 - Lote 8562;335;L;309.36;7;6;96381.11;5782.87;102163.98;AZ03;Catarina Lopes;Ref 22880714
RG;RG 2025/3700;2024-01-30;2025-09-21;Delta Serviços Lda;PT092823064;ART002;Artigo ART002 - Lote 3382;226;M2;539.17;11;23;108448.65;24943.19;133391.84;AZ02;Pedro Fernandes;Ref 35417689
RG;RG 2025/6043;2025-09-06;2025-02-08;Kappa Manufacturing Lda;PT422296769;ART025;Artigo ART025 - Lote 6044;476;PC;2194.74;5;6;992461.43;59547.69;1052009.12;AZ02;Carlos Oliveira;Ref 94655577
ND;ND 2025/3530;2025-01-11;2025-01-23;Eta Consulting SA;PT524858942;ART007;Artigo ART007 - Lote 6848;365;CX;603.38;2;13;215829.03;28057.77;243886.80;AZ02;Rui Costa;Ref 48100343
FT;FT 2025/3216;2026-02-09;2025-11-27;Iota Services SA;PT716244411;ART012;Artigo ART012 - Lote 3967;342;CX;238.34;12;23;71730.81;16498.09;88228.90;AZ03;João Silva;Ref 68376061
RG;RG 2025/8351;2026-08-25;2025-06-19;Gama Corp;PT566430592;ART030;Artigo ART030 - Lote 8979;165;KG;1351.95;11;6;198533.86;11912.03;210445.89;AZ03;Nuno Rodrigues;Ref 58604983
RG;RG 2025/9052;2026-08-25;2025-01-08;Theta Group Lda;PT037826006;ART007;Artigo ART007 - Lote 7212;49;M3;1709.69;13;23;72884.08;16763.34;89647.42;AZ03;Sofia Martins;Ref 61832697
NC;NC 2025/7142;2025-06-24;2026-05-12;Epsilon Tech SA;PT677940338;ART001;Artigo ART001 - Lote 0298;393;M;959.16;0;13;376949.88;49003.48;425953.36;AZ02;Pedro Fernandes;Ref 07081875
FR;FR 2025/6257;2024-12-02;2026-08-11;Delta Serviços Lda;PT079677625;ART003;Artigo ART003 - Lote 9363;492;UN;1352.05;6;23;625296.08;143818.10;769114.18;AZ03;Rui Costa;Ref 36998507
NC;NC 2025/3750;2026-04-02;2025-08-13;Kappa Manufacturing Lda;PT333641857;ART055;Artigo ART055 - Lote 4519;478;M3;1130.77;10;13;486457.25;63239.44;549696.69;AZ04;Rui Costa;Ref 74155101
NC;NC 2025/4819;2026-12-24;2026-04-08;Zeta Industries Lda;PT952280931;ART002;Artigo ART002 - Lote 8331;241;PC;1479.74;7;13;331654.13;43115.04;374769.17;AZ03;Carlos Oliveira;Ref 63612537
FT;FT 2025/7347;2025-06-24;2026-05-16;Eta Consulting SA;PT619773844;ART045;Artigo ART045 - Lote 8221;402;M3;2091.73;9;23;765196.67;175995.23;941191.90;AZ01;João Silva;Ref 29724361
FR;FR 2025/3598;2025-11-21;2026-09-01;Eta Consulting SA;PT160869827;ART003;Artigo ART003 - Lote 4917;11;L;130.47;12;6;1262.95;75.78;1338.73;AZ03;Maria Santos;Ref 19434242
ND;ND 2025/1989;2026-11-07;2026-04-20;Kappa Manufacturing Lda;PT888041896;ART002;Artigo ART002 - Lote 1919;36;M3;440.38;0;6;15853.68;951.22;16804.90;AZ01;Sofia Martins;Ref 18874765
ND;ND 2025/4859;2025-05-22;2025-07-06;ACME Lda;PT202908160;ART055;Artigo ART055 - Lote 2586;336;L;225.44;4;13;72717.93;9453.33;82171.26;AZ01;Rui Costa;Ref 03267880
ND;ND 2025/2205;2026-01-25;2026-09-16;Epsilon Tech SA;PT187898591;ART045;Artigo ART045 - Lote 2129;126;PC;1003.65;12;23;111284.71;25595.48;136880.19;AZ05;Carlos Oliveira;Ref 44966775
FT;FT 2025/7623;2025-04-10;2026-06-09;Beta Solutions SA;PT057823838;ART045;Artigo ART045 - Lote 7148;175;KG;208.21;7;6;33886.18;2033.17;35919.35;AZ01;Nuno Rodrigues;Ref 77125429
ND;ND 2025/1822;2026-09-08;2026-04-21;ACME Lda;PT992287855;ART007;Artigo ART007 - Lote 4272;391;UN;937.51;11;6;326244.10;19574.65;345818.75;AZ05;Ana Pereira;Ref 71392338
FR;FR 2025/9780;2026-03-05;2025-01-25;Eta Consulting SA;PT491459236;ART030;Artigo ART030 - Lote 6846;119;M2;939.30;8;23;102834.56;23651.95;126486.51;AZ03;Nuno Rodrigues;Ref 46078250
FR;FR 2025/0851;2024-07-16;2025-10-11;Beta Solutions SA;PT833272501;ART015;Artigo ART015 - Lote 2552;479;M;2026.70;10;6;873710.37;52422.62;926132.99;AZ05;Bruno Alves;Ref 79679208
FT;FT 2025/9662;2025-01-10;2025-10-04;Beta Solutions SA;PT102312347;ART015;Artigo ART015 - Lote 5685;248;KG;2152.77;2;13;523209.22;68017.20;591226.42;AZ05;Sofia Martins;Ref 10885036
NC;NC 2025/6807;2026-08-12;2026-09-17;Iota Services SA;PT806205215;ART018;Artigo ART018 - Lote 4659;396;M;1561.31;13;13;537902.52;69927.33;607829.85;AZ02;Catarina Lopes;Ref 35684454
FT;FT 2025/2716;2025-04-05;2026-10-22;ACME Lda;PT790352837;ART025;Artigo ART025 - Lote 5132;106;PC;2699.72;8;6;263276.69;15796.60;279073.29;AZ04;Catarina Lopes;Ref 37667228
FR;FR 2025/3670;2025-05-27;2026-12-12;Beta Solutions SA;PT242243238;ART033;Artigo ART033 - Lote 9801;151;UN;1939.79;12;13;257759.30;33508.71;291268.01;AZ02;Carlos Oliveira;Ref 52130355
FT;FT 2025/2581;2024-05-18;2025-08-28;Iota Services SA;PT371705275;ART007;Artigo ART007 - Lote 9754;203;M;2796.52;10;13;510924.20;66420.15;577344.35;AZ05;Carlos Oliveira;Ref 90085060
NC;NC 2025/2605;2026-12-04;2025-05-02;Eta Consulting SA;PT415636411;ART002;Artigo ART002 - Lote 9226;493;M;1763.35;2;6;851944.92;51116.70;903061.62;AZ04;Carlos Oliveira;Ref 05622411
NC;NC 2025/0812;2026-11-03;2025-09-22;Eta Consulting SA;PT856140754;ART050;Artigo ART050 - Lote 2691;1;M2;718.23;13;6;624.86;37.49;662.35;AZ05;João Silva;Ref 20062304
NC;NC 2025/1686;2024-11-28;2025-06-15;Kappa Manufacturing Lda;PT988406513;ART001;Artigo ART001 - Lote 8030;385;PC;1851.89;14;6;613160.78;36789.65;649950.43;AZ03;João Silva;Ref 51636346
NC;NC 2025/4654;2025-10-14;2026-10-12;Theta Group Lda;PT058367144;ART002;Artigo ART002 - Lote 2494;495;M2;266.03;10;6;118516.36;7110.98;125627.34;AZ01;Carlos Oliveira;Ref 65444009
RG;RG 2025/0312;2025-01-31;2026-12-21;Zeta Industries Lda;PT615473658;ART040;Artigo ART040 - Lote 4456;83;L;786.68;12;23;57459.11;13215.60;70674.71;AZ05;Ana Pereira;Ref 71776216
NC;NC 2025/9744;2024-09-29;2026-07-12;Kappa Manufacturing Lda;PT830396078;ART040;Artigo ART040 - Lote 6914;112;PC;465.13;9;6;47406.05;2844.36;50250.41;AZ03;Maria Santos;Ref 93279926
NC;NC 2025/9892;2025-10-28;2026-04-16;Gama Corp;PT944740825;ART033;Artigo ART033 - Lote 1383;50;KG;2389.10;1;23;118260.45;27199.90;145460.35;AZ02;Catarina Lopes;Ref 77388788
ND;ND 2025/9365;2024-04-20;2026-08-30;Beta Solutions SA;PT841013703;ART007;Artigo ART007 - Lote 4990;186;KG;1804.47;5;23;318849.85;73335.47;392185.32;AZ03;Sofia Martins;Ref 27961217
NC;NC 2025/2923;2024-07-26;2026-01-05;Beta Solutions SA;PT813296827;ART002;Artigo ART002 - Lote 5113;457;PC;2526.75;6;13;1085441.26;141107.36;1226548.62;AZ03;Ana Pereira;Ref 80577454
FR;FR 2025/9868;2026-09-05;2025-05-02;Beta Solutions SA;PT158550369;ART012;Artigo ART012 - Lote 4117;268;UN;64.77;11;6;15448.94;926.94;16375.88;AZ03;Nuno Rodrigues;Ref 51774259
RG;RG 2025/2824;2024-01-09;2026-06-12;Delta Serviços Lda;PT541101333;ART002;Artigo ART002 - Lote 0095;433;PC;2252.51;1;6;965583.46;57935.01;1023518.47;AZ05;Catarina Lopes;Ref 53285570
FT;FT 2025/9275;2024-07-05;2025-04-07;Theta Group Lda;PT529589103;ART040;Artigo ART040 - Lote 2284;228;M2;901.97;15;23;174801.79;40204.41;215006.20;AZ05;Maria Santos;Ref 78623587
FR;FR 2025/2304;2026-08-13;2026-08-30;Delta Serviços Lda;PT758023369;ART025;Artigo ART025 - Lote 1958;405;M3;1227.19;6;23;467191.23;107453.98;574645.21;AZ05;Nuno Rodrigues;Ref 13753844
ND;ND 2025/9748;2026-03-31;2025-01-06;Gama Corp;PT597864533;ART012;Artigo ART012 - Lote 5208;311;M2;537.30;15;6;142035.25;8522.11;150557.36;AZ05;Pedro Fernandes;Ref 27065670
ND;ND 2025/2002;2024-04-26;2025-06-30;Delta Serviços Lda;PT517573742;ART030;Artigo ART030 - Lote 7785;315;M2;2599.68;0;23;818899.20;188346.82;1007246.02;AZ02;Nuno Rodrigues;Ref 19860552
RG;RG 2025/8606;2024-02-22;2025-09-20;Iota Services SA;PT169537042;ART015;Artigo ART015 - Lote 6137;423;M;1406.97;6;13;559439.41;72727.12;632166.53;AZ05;Catarina Lopes;Ref 27404558
ND;ND 2025/1107;2025-01-09;2026-06-04;ACME Lda;PT015936558;ART001;Artigo ART001 - Lote 1276;300;M2;1859.66;8;6;513266.16;30795.97;544062.13;AZ02;Pedro Fernandes;Ref 44271384
FR;FR 2025/1430;2026-07-22;2026-01-01;Iota Services SA;PT922824502;ART015;Artigo ART015 - Lote 8939;402;L;1264.49;9;23;462575.73;106392.42;568968.15;AZ01;Bruno Alves;Ref 87098914
NC;NC 2025/5181;2024-01-20;2026-08-19;Delta Serviços Lda;PT997609234;ART001;Artigo ART001 - Lote 9933;166;L;110.59;12;6;16154.99;969.30;17124.29;AZ04;Sofia Martins;Ref 79150191
ND;ND 2025/1808;2025-09-05;2026-06-20;Iota Services SA;PT864126705;ART025;Artigo ART025 - Lote 3143;134;PC;2801.71;5;6;356657.68;21399.46;378057.14;AZ05;Catarina Lopes;Ref 36349868
NC;NC 2025/8977;2025-08-14;2025-02-27;ACME Lda;PT451699521;ART007;Artigo ART007 - Lote 6957;98;M2;2693.11;14;13;226975.31;29506.79;256482.10;AZ05;Pedro Fernandes;Ref 68895735
FT;FT 2025/7983;2024-01-18;2025-08-18;Zeta Industries Lda;PT214071885;ART025;Artigo ART025 - Lote 4489;480;M2;2003.31;13;13;836582.26;108755.69;945337.95;AZ03;Sofia Martins;Ref 52873164
ND;ND 2025/4274;2025-12-20;2026-11-25;Eta Consulting SA;PT709154900;ART033;Artigo ART033 - Lote 6909;31;KG;638.04;10;23;17801.32;4094.30;21895.62;AZ05;Sofia Martins;Ref 81062943
FT;FT 2025/0492;2024-10-02;2025-11-27;Eta Consulting SA;PT013721025;ART030;Artigo ART030 - Lote 2802;171;M3;1032.07;13;6;153541.05;9212.46;162753.51;AZ05;Carlos Oliveira;Ref 13283610
FT;FT 2025/8550;2025-08-07;2026-09-15;Delta Serviços Lda;PT032054332;ART007;Artigo ART007 - Lote 3909;78;UN;727.34;3;6;55030.54;3301.83;58332.37;AZ02;Ana Pereira;Ref 12240694
NC;NC 2025/7674;2025-02-09;2026-10-18;Epsilon Tech SA;PT761829507;ART055;Artigo ART055 - Lote 7319;7;UN;601.39;15;23;3578.27;823.00;4401.27;AZ02;Rui Costa;Ref 48987785
ND;ND 2025/3776;2024-05-20;2025-05-01;Gama Corp;PT434409751;ART055;Artigo ART055 - Lote 8284;445;M3;290.59;6;6;121553.80;7293.23;128847.03;AZ01;Nuno Rodrigues;Ref 89329102
FR;FR 2025/4657;2024-12-11;2026-09-30;Epsilon Tech SA;PT788972137;ART015;Artigo ART015 - Lote 7190;480;KG;1647.25;8;13;727425.60;94565.33;821990.93;AZ01;Catarina Lopes;Ref 70528767
ND;ND 2025/7176;2026-06-14;2025-08-11;Theta Group Lda;PT053335987;ART012;Artigo ART012 - Lote 7279;384;M;1061.57;5;13;387260.74;50343.90;437604.64;AZ01;Carlos Oliveira;Ref 20377846
FR;FR 2025/1531;2026-02-09;2026-05-18;Zeta Industries Lda;PT837330419;ART045;Artigo ART045 - Lote 3812;487;PC;1308.81;10;13;573651.42;74574.68;648226.10;AZ03;Pedro Fernandes;Ref 30801756
ND;ND 2025/5329;2026-03-21;2025-03-08;Kappa Manufacturing Lda;PT279734721;ART018;Artigo ART018 - Lote 5993;194;UN;661.47;2;6;125758.68;7545.52;133304.20;AZ04;Nuno Rodrigues;Ref 19147785
FT;FT 2025/2239;2025-05-09;2025-07-09;Theta Group Lda;PT930121890;ART040;Artigo ART040 - Lote 0194;452;L;713.67;4;6;309675.69;18580.54;328256.23;AZ01;João Silva;Ref 61691982
NC;NC 2025/3160;2026-03-04;2026-11-11;ACME Lda;PT532627651;ART012;Artigo ART012 - Lote 5809;365;PC;1877.43;13;23;596177.90;137120.92;733298.82;AZ04;Maria Santos;Ref 50028785
FT;FT 2025/1529;2026-07-25;2025-11-20;Eta Consulting SA;PT140748119;ART030;Artigo ART030 - Lote 0746;57;M3;340.09;0;13;19385.13;2520.07;21905.20;AZ03;Ana Pereira;Ref 72399056
FR;FR 2025/4907;2024-10-13;2025-01-19;Delta Serviços Lda;PT108889456;ART025;Artigo ART025 - Lote 4631;497;UN;608.61;6;6;284330.42;17059.83;301390.25;AZ02;Maria Santos;Ref 08067926
FR;FR 2025/1240;2025-11-07;2026-06-01;Delta Serviços Lda;PT453060713;ART012;Artigo ART012 - Lote 7638;134;KG;1133.67;15;6;129125.01;7747.50;136872.51;AZ01;Carlos Oliveira;Ref 30614734
ND;ND 2025/0996;2024-02-22;2025-03-21;Iota Services SA;PT460771529;ART003;Artigo ART003 - Lote 3775;382;M;1068.56;7;6;379616.63;22777.00;402393.63;AZ05;Ana Pereira;Ref 31184610
NC;NC 2025/8545;2024-12-19;2026-08-19;Epsilon Tech SA;PT717586397;ART033;Artigo ART033 - Lote 0151;461;UN;427.85;3;13;191321.68;24871.82;216193.50;AZ03;Ana Pereira;Ref 04143286
NC;NC 2025/9300;2026-03-12;2026-07-06;Epsilon Tech SA;PT661998836;ART012;Artigo ART012 - Lote 3106;184;PC;2578.99;5;13;450807.45;58604.97;509412.42;AZ02;Rui Costa;Ref 05637879
NC;NC 2025/4630;2025-08-18;2025-07-02;Epsilon Tech SA;PT483445760;ART055;Artigo ART055 - Lote 9590;483;M2;2317.50;12;23;985030.20;226556.95;1211587.15;AZ05;Ana Pereira;Ref 53374512
NC;NC 2025/6985;2024-06-22;2026-11-03;Eta Consulting SA;PT775496824;ART055;Artigo ART055 - Lote 7992;285;L;71.77;5;13;19431.73;2526.12;21957.85;AZ05;Carlos Oliveira;Ref 33605276
ND;ND 2025/3332;2024-06-05;2026-12-04;ACME Lda;PT878031196;ART030;Artigo ART030 - Lote 3723;295;M3;2995.89;3;6;857273.92;51436.44;908710.36;AZ02;Bruno Alves;Ref 01859206
FR;FR 2025/5712;2026-10-30;2025-07-20;Theta Group Lda;PT946209526;ART025;Artigo ART025 - Lote 9969;367;CX;2964.82;6;6;1022803.60;61368.22;1084171.82;AZ05;Nuno Rodrigues;Ref 74156067
NC;NC 2025/8391;2024-06-19;2026-04-29;Beta Solutions SA;PT307653334;ART007;Artigo ART007 - Lote 1598;195;PC;2635.64;1;13;508810.30;66145.34;574955.64;AZ04;Pedro Fernandes;Ref 14430157
ND;ND 2025/6372;2024-08-12;2025-07-28;Zeta Industries Lda;PT653415489;ART021;Artigo ART021 - Lote 5710;66;M;17.57;13;13;1008.87;131.15;1140.02;AZ03;Bruno Alves;Ref 32374186
FR;FR 2025/1627;2026-11-09;2026-11-23;Eta Consulting SA;PT662150839;ART001;Artigo ART001 - Lote 5564;186;PC;2308.40;8;13;395013.41;51351.74;446365.15;AZ01;João Silva;Ref 44918937
RG;RG 2025/2446;2026-08-14;2026-10-20;ACME Lda;PT800519434;ART002;Artigo ART002 - Lote 3108;441;M;824.41;0;13;363564.81;47263.43;410828.24;AZ02;Carlos Oliveira;Ref 31744774
FT;FT 2025/9755;2026-06-17;2026-07-30;Eta Consulting SA;PT298829888;ART001;Artigo ART001 - Lote 1917;415;CX;1161.76;14;6;414632.14;24877.93;439510.07;AZ03;Nuno Rodrigues;Ref 52065739
NC;NC 2025/3877;2026-09-03;2026-01-29;Delta Serviços Lda;PT922520772;ART018;Artigo ART018 - Lote 6008;325;CX;981.06;11;23;283771.60;65267.47;349039.07;AZ05;Ana Pereira;Ref 85469366
FT;FT 2025/1509;2025-02-23;2025-08-12;Kappa Manufacturing Lda;PT951500474;ART040;Artigo ART040 - Lote 1525;55;KG;684.18;11;6;33490.61;2009.44;35500.05;AZ04;Bruno Alves;Ref 19202287
NC;NC 2025/9362;2026-06-14;2026-01-22;Kappa Manufacturing Lda;PT024327276;ART012;Artigo ART012 - Lote 6782;230;UN;1832.49;13;23;366681.25;84336.69;451017.94;AZ04;Bruno Alves;Ref 52718344
NC;NC 2025/6521;2025-09-19;2026-07-16;Theta Group Lda;PT821907110;ART055;Artigo ART055 - Lote 0633;285;M3;1407.63;10;23;361057.10;83043.13;444100.23;AZ03;João Silva;Ref 30009808
FT;FT 2025/6982;2025-03-13;2026-12-14;Epsilon Tech SA;PT657933084;ART021;Artigo ART021 - Lote 6060;498;M2;2762.65;3;13;1334525.71;173488.34;1508014.05;AZ03;Carlos Oliveira;Ref 27247742
FT;FT 2025/7686;2025-07-12;2026-05-10;Epsilon Tech SA;PT035106674;ART030;Artigo ART030 - Lote 5426;9;M3;2478.56;4;13;21414.76;2783.92;24198.68;AZ03;Bruno Alves;Ref 09701293
FR;FR 2025/9266;2025-06-07;2025-07-17;Iota Services SA;PT020732912;ART007;Artigo ART007 - Lote 9684;158;L;1027.46;15;6;137987.88;8279.27;146267.15;AZ03;Carlos Oliveira;Ref 79393159
FR;FR 2025/0060;2026-02-10;2025-07-09;Beta Solutions SA;PT579547627;ART045;Artigo ART045 - Lote 8626;243;UN;1591.43;13;23;336444.22;77382.17;413826.39;AZ02;Sofia Martins;Ref 66987934
ND;ND 2025/0198;2026-02-08;2026-03-30;Kappa Manufacturing Lda;PT285299146;ART040;Artigo ART040 - Lote 1880;74;L;1177.27;13;6;75792.64;4547.56;80340.20;AZ02;Maria Santos;Ref 85807017
NC;NC 2025/0537;2024-05-23;2026-07-24;Beta Solutions SA;PT588688588;ART021;Artigo ART021 - Lote 8976;422;CX;807.54;5;13;323742.79;42086.56;365829.35;AZ04;Nuno Rodrigues;Ref 58066777
FT;FT 2025/9509;2024-11-11;2025-06-19;Kappa Manufacturing Lda;PT940091674;ART002;Artigo ART002 - Lote 1137;187;CX;2345.25;3;13;425404.90;55302.64;480707.54;AZ04;João Silva;Ref 09481731
ND;ND 2025/3772;2025-06-08;2025-03-26;Gama Corp;PT915262313;ART002;Artigo ART002 - Lote 7369;256;L;1289.17;6;23;310225.87;71351.95;381577.82;AZ01;Nuno Rodrigues;Ref 04834077
FT;FT 2025/3913;2026-07-19;2026-01-22;Kappa Manufacturing Lda;PT081181541;ART002;Artigo ART002 - Lote 4407;196;M2;2366.88;3;6;449991.23;26999.47;476990.70;AZ02;Catarina Lopes;Ref 79550394
NC;NC 2025/0153;2024-06-21;2026-02-06;Beta Solutions SA;PT996403865;ART021;Artigo ART021 - Lote 5315;394;UN;641.71;14;23;217437.02;50010.51;267447.53;AZ04;Catarina Lopes;Ref 54838892
FT;FT 2025/6395;2026-07-11;2025-08-14;Kappa Manufacturing Lda;PT570412202;ART012;Artigo ART012 - Lote 3856;91;L;1325.68;4;23;115811.40;26636.62;142448.02;AZ01;Nuno Rodrigues;Ref 78677978
FT;FT 2025/3057;2025-03-31;2026-12-07;ACME Lda;PT351026679;ART050;Artigo ART050 - Lote 1683;467;CX;2311.07;6;13;1014513.51;131886.76;1146400.27;AZ01;Ana Pereira;Ref 32680496
FR;FR 2025/5285;2025-10-25;2026-12-12;Kappa Manufacturing Lda;PT856353687;ART030;Artigo ART030 - Lote 9367;305;M;2765.32;13;23;733777.66;168768.86;902546.52;AZ02;João Silva;Ref 33391276
ND;ND 2025/3381;2025-12-09;2025-03-15;Delta Serviços Lda;PT489756538;ART025;Artigo ART025 - Lote 2140;231;UN;2540.63;15;13;498852.70;64850.85;563703.55;AZ02;Nuno Rodrigues;Ref 42470877
ND;ND 2025/6277;2024-02-11;2025-05-14;Theta Group Lda;PT893991526;ART040;Artigo ART040 - Lote 8712;143;UN;837.49;12;6;105389.74;6323.38;111713.12;AZ03;Pedro Fernandes;Ref 09251302
NC;NC 2025/8372;2024-08-07;2026-10-09;Theta Group Lda;PT532155576;ART012;Artigo ART012 - Lote 2980;402;PC;202.51;7;13;75710.39;9842.35;85552.74;AZ02;Pedro Fernandes;Ref 94298626
FT;FT 2025/2386;2025-08-16;2026-07-29;Kappa Manufacturing Lda;PT752877805;ART018;Artigo ART018 - Lote 7057;441;CX;2022.13;0;13;891759.33;115928.71;1007688.04;AZ01;Nuno Rodrigues;Ref 52229506
ND;ND 2025/8469;2025-08-06;2025-05-24;Beta Solutions SA;PT980552997;ART055;Artigo ART055 - Lote 4780;404;M3;2271.67;4;13;881044.49;114535.78;995580.27;AZ01;João Silva;Ref 88004040
FR;FR 2025/0605;2026-11-10;2025-03-02;Zeta Industries Lda;PT951110190;ART025;Artigo ART025 - Lote 3118;21;CX;2315.58;3;6;47168.36;2830.10;49998.46;AZ05;Nuno Rodrigues;Ref 38835319
FT;FT 2025/7620;2026-06-08;2025-03-24;Eta Consulting SA;PT708736027;ART001;Artigo ART001 - Lote 7387;427;M;148.97;0;6;63610.19;3816.61;67426.80;AZ05;Sofia Martins;Ref 16757450
ND;ND 2025/8708;2026-07-29;2026-01-28;Delta Serviços Lda;PT946150351;ART012;Artigo ART012 - Lote 4600;312;M3;1142.42;5;23;338613.29;77881.06;416494.35;AZ03;Pedro Fernandes;Ref 09284091
ND;ND 2025/8531;2026-12-28;2026-10-06;Beta Solutions SA;PT373770918;ART018;Artigo ART018 - Lote 7073;377;M2;1463.03;6;13;518468.57;67400.91;585869.48;AZ01;Bruno Alves;Ref 78163922
NC;NC 2025/2756;2024-07-28;2026-01-17;Delta Serviços Lda;PT735322152;ART002;Artigo ART002 - Lote 0945;424;L;2471.57;9;6;953630.57;57217.83;1010848.40;AZ01;Nuno Rodrigues;Ref 52350214
ND;ND 2025/8261;2024-08-13;2025-01-22;Beta Solutions SA;PT742332269;ART002;Artigo ART002 - Lote 2481;71;M3;2993.95;4;6;204067.63;12244.06;216311.69;AZ04;Nuno Rodrigues;Ref 44713301
ND;ND 2025/7455;2026-05-09;2026-07-28;Iota Services SA;PT401214376;ART045;Artigo ART045 - Lote 2149;308;M;1711.54;6;13;495525.06;64418.26;559943.32;AZ03;Maria Santos;Ref 29658324
ND;ND 2025/3738;2024-09-09;2025-08-23;ACME Lda;PT764904661;ART030;Artigo ART030 - Lote 8206;141;L;2743.32;13;13;336523.06;43748.00;380271.06;AZ04;Bruno Alves;Ref 99942674
FT;FT 2025/2041;2026-04-12;2026-03-26;Beta Solutions SA;PT769763422;ART025;Artigo ART025 - Lote 1782;89;CX;1956.68;2;23;170661.63;39252.17;209913.80;AZ02;Bruno Alves;Ref 82866973
NC;NC 2025/3254;2026-03-14;2026-01-13;Zeta Industries Lda;PT708242997;ART021;Artigo ART021 - Lote 6802;279;KG;533.10;6;23;139810.81;32156.49;171967.30;AZ04;Ana Pereira;Ref 16334041
ND;ND 2025/2922;2024-03-14;2025-12-07;Epsilon Tech SA;PT622875790;ART040;Artigo ART040 - Lote 5232;455;KG;2798.01;8;13;1171246.99;152262.11;1323509.10;AZ03;Catarina Lopes;Ref 80212122
NC;NC 2025/6640;2024-05-04;2025-12-28;Eta Consulting SA;PT100427669;ART003;Artigo ART003 - Lote 8804;498;PC;2319.26;1;23;1143441.57;262991.56;1406433.13;AZ03;Carlos Oliveira;Ref 22897097
NC;NC 2025/5683;2025-10-06;2025-10-05;Iota Services SA;PT518451656;ART050;Artigo ART050 - Lote 9514;177;KG;894.15;2;23;155099.26;35672.83;190772.09;AZ01;Rui Costa;Ref 95833415
ND;ND 2025/7831;2025-04-28;2026-01-21;Epsilon Tech SA;PT629893517;ART040;Artigo ART040 - Lote 1972;264;L;665.42;2;6;172157.46;10329.45;182486.91;AZ02;Pedro Fernandes;Ref 34961165
ND;ND 2025/8193;2026-07-26;2025-02-01;Epsilon Tech SA;PT245309465;ART021;Artigo ART021 - Lote 2350;106;CX;1785.04;14;23;162724.25;37426.58;200150.83;AZ04;Maria Santos;Ref 67892743
NC;NC 2025/4800;2025-10-22;2025-11-14;Beta Solutions SA;PT501342305;ART040;Artigo ART040 - Lote 6953;494;PC;428.94;11;6;188587.76;11315.27;199903.03;AZ04;Pedro Fernandes;Ref 72385881
FT;FT 2025/8623;2024-07-17;2025-03-16;Eta Consulting SA;PT234229201;ART003;Artigo ART003 - Lote 7886;121;M2;77.45;15;6;7965.73;477.94;8443.67;AZ04;Nuno Rodrigues;Ref 36520028
RG;RG 2025/7483;2025-05-05;2025-03-17;Kappa Manufacturing Lda;PT786567505;ART003;Artigo ART003 - Lote 4514;282;M3;884.49;5;13;236954.87;30804.13;267759.00;AZ02;Maria Santos;Ref 64813865
FR;FR 2025/8053;2026-05-25;2025-10-11;Beta Solutions SA;PT666826593;ART050;Artigo ART050 - Lote 5737;452;CX;953.15;5;6;409282.61;24556.96;433839.57;AZ04;Carlos Oliveira;Ref 66756217
FR;FR 2025/5698;2024-10-01;2026-01-09;Gama Corp;PT884457097;ART015;Artigo ART015 - Lote 5091;274;M3;631.74;10;13;155787.08;20252.32;176039.40;AZ04;João Silva;Ref 27576630
ND;ND 2025/5028;2024-11-20;2025-12-20;Beta Solutions SA;PT423434697;ART012;Artigo ART012 - Lote 3477;229;PC;76.53;7;13;16298.59;2118.82;18417.41;AZ03;João Silva;Ref 99453291
ND;ND 2025/8996;2024-01-12;2026-10-08;Kappa Manufacturing Lda;PT262515096;ART055;Artigo ART055 - Lote 5784;128;M;854.57;12;13;96258.76;12513.64;108772.40;AZ05;Catarina Lopes;Ref 97214064
NC;NC 2025/6063;2024-02-26;2026-01-06;ACME Lda;PT588053008;ART050;Artigo ART050 - Lote 9449;114;M;1169.92;2;13;130703.46;16991.45;147694.91;AZ05;Catarina Lopes;Ref 60176979
ND;ND 2025/2506;2026-03-19;2026-09-27;ACME Lda;PT013684376;ART012;Artigo ART012 - Lote 2378;408;L;2194.22;9;6;814670.00;48880.20;863550.20;AZ02;Carlos Oliveira;Ref 36136832
FR;FR 2025/8515;2026-07-31;2026-05-28;Theta Group Lda;PT202634658;ART001;Artigo ART001 - Lote 3577;466;M3;879.29;9;23;372871.72;85760.50;458632.22;AZ04;Bruno Alves;Ref 88952177
ND;ND 2025/0692;2025-05-03;2026-07-13;Zeta Industries Lda;PT711977746;ART045;Artigo ART045 - Lote 5743;406;M2;2508.44;13;6;886031.18;53161.87;939193.05;AZ01;Carlos Oliveira;Ref 52760742
FR;FR 2025/4095;2025-08-17;2026-11-05;Theta Group Lda;PT410163166;ART030;Artigo ART030 - Lote 7514;284;KG;2760.65;8;13;721302.63;93769.34;815071.97;AZ03;Ana Pereira;Ref 31470420
ND;ND 2025/0218;2026-08-03;2025-10-25;Theta Group Lda;PT444469371;ART050;Artigo ART050 - Lote 2956;307;M2;297.91;15;23;77739.61;17880.11;95619.72;AZ04;Catarina Lopes;Ref 76812259
ND;ND 2025/5298;2025-06-26;2026-05-03;Iota Services SA;PT382040430;ART002;Artigo ART002 - Lote 0305;381;CX;2564.89;0;23;977223.09;224761.31;1201984.40;AZ02;Catarina Lopes;Ref 62022243
ND;ND 2025/1346;2024-07-24;2025-09-15;Iota Services SA;PT221331269;ART050;Artigo ART050 - Lote 4177;152;M3;962.64;5;6;139005.22;8340.31;147345.53;AZ04;Rui Costa;Ref 69119661
NC;NC 2025/0734;2026-02-13;2026-11-18;Epsilon Tech SA;PT983018237;ART045;Artigo ART045 - Lote 7148;180;L;2253.22;13;6;352854.25;21171.26;374025.51;AZ03;Sofia Martins;Ref 53981021
FR;FR 2025/4136;2024-08-02;2026-01-06;Iota Services SA;PT235610505;ART002;Artigo ART002 - Lote 7684;321;M2;129.87;13;6;36268.79;2176.13;38444.92;AZ03;Bruno Alves;Ref 18607686
RG;RG 2025/0560;2026-07-01;2025-05-07;Gama Corp;PT198943651;ART003;Artigo ART003 - Lote 2566;440;M2;823.08;10;13;325939.68;42372.16;368311.84;AZ01;Nuno Rodrigues;Ref 51855886
ND;ND 2025/0234;2024-03-18;2025-01-15;Iota Services SA;PT730225309;ART007;Artigo ART007 - Lote 3506;275;M2;598.61;1;23;162971.57;37483.46;200455.03;AZ02;Sofia Martins;Ref 63913425
RG;RG 2025/8912;2026-05-08;2025-01-23;Iota Services SA;PT305107942;ART055;Artigo ART055 - Lote 9494;94;CX;1779.71;12;6;147217.61;8833.06;156050.67;AZ04;Sofia Martins;Ref 90763327
ND;ND 2025/5010;2025-07-02;2025-07-22;Zeta Industries Lda;PT894900308;ART045;Artigo ART045 - Lote 5754;57;M3;2331.22;14;23;114276.40;26283.57;140559.97;AZ05;Maria Santos;Ref 50792789
FR;FR 2025/4024;2024-01-12;2026-03-09;Zeta Industries Lda;PT905390197;ART045;Artigo ART045 - Lote 0514;482;M;1738.37;1;13;829515.40;107837.00;937352.40;AZ01;Sofia Martins;Ref 62216476
RG;RG 2025/7264;2025-07-17;2025-12-23;Gama Corp;PT961929891;ART018;Artigo ART018 - Lote 8248;133;L;2522.44;5;13;318710.29;41432.34;360142.63;AZ01;Catarina Lopes;Ref 29317294
FR;FR 2025/2247;2024-12-11;2026-09-27;Kappa Manufacturing Lda;PT345349796;ART021;Artigo ART021 - Lote 0402;349;CX;703.34;4;13;235647.03;30634.11;266281.14;AZ02;João Silva;Ref 35464146
FT;FT 2025/6929;2025-11-23;2025-02-17;Iota Services SA;PT317354580;ART007;Artigo ART007 - Lote 4891;363;PC;1139.18;1;23;409387.12;94159.04;503546.16;AZ05;Pedro Fernandes;Ref 27165910
RG;RG 2025/9654;2025-05-04;2025-03-21;Theta Group Lda;PT668156643;ART018;Artigo ART018 - Lote 4369;498;PC;2341.98;7;6;1084664.62;65079.88;1149744.50;AZ04;Maria Santos;Ref 75097037
RG;RG 2025/2014;2026-10-20;2025-08-30;Kappa Manufacturing Lda;PT670144033;ART050;Artigo ART050 - Lote 6493;184;PC;1246.38;3;6;222453.90;13347.23;235801.13;AZ03;Nuno Rodrigues;Ref 82462292
FT;FT 2025/6965;2025-08-04;2026-11-19;Theta Group Lda;PT533910625;ART018;Artigo ART018 - Lote 6105;142;UN;2272.64;3;13;313033.43;40694.35;353727.78;AZ01;Carlos Oliveira;Ref 34716795
ND;ND 2025/6261;2025-02-01;2025-08-08;Beta Solutions SA;PT217832692;ART055;Artigo ART055 - Lote 9353;366;KG;2386.85;4;6;838643.62;50318.62;888962.24;AZ04;Sofia Martins;Ref 34146990
FR;FR 2025/2745;2025-02-18;2025-06-02;Gama Corp;PT703991040;ART055;Artigo ART055 - Lote 0025;115;M2;2642.23;6;13;285625.06;37131.26;322756.32;AZ03;Pedro Fernandes;Ref 55713756
FR;FR 2025/1082;2025-10-07;2026-10-19;Epsilon Tech SA;PT654467809;ART025;Artigo ART025 - Lote 7113;473;L;1681.49;7;13;739670.64;96157.18;835827.82;AZ05;Rui Costa;Ref 22972070
FR;FR 2025/8362;2024-07-04;2025-12-18;Zeta Industries Lda;PT348243012;ART003;Artigo ART003 - Lote 5699;225;KG;2310.31;4;13;499026.96;64873.50;563900.46;AZ02;Pedro Fernandes;Ref 59788720
NC;NC 2025/0429;2025-09-26;2025-07-29;ACME Lda;PT426468258;ART018;Artigo ART018 - Lote 6534;404;UN;474.50;12;23;168694.24;38799.68;207493.92;AZ02;Maria Santos;Ref 65680852
FT;FT 2025/1453;2025-03-11;2026-05-11;Iota Services SA;PT966804210;ART002;Artigo ART002 - Lote 4616;481;KG;1181.27;5;23;539781.33;124149.71;663931.04;AZ01;Pedro Fernandes;Ref 21495425
ND;ND 2025/7288;2026-02-11;2026-10-29;Gama Corp;PT450439914;ART040;Artigo ART040 - Lote 0055;130;M;1663.97;14;23;186031.85;42787.33;228819.18;AZ04;Bruno Alves;Ref 97126149
FT;FT 2025/0970;2025-07-16;2025-03-09;Iota Services SA;PT843116738;ART018;Artigo ART018 - Lote 7436;111;UN;2968.40;3;23;319607.63;73509.75;393117.38;AZ03;João Silva;Ref 93843275
FT;FT 2025/2724;2025-04-25;2026-10-07;Gama Corp;PT851121801;ART030;Artigo ART030 - Lote 9282;163;KG;1461.68;6;23;223958.61;51510.48;275469.09;AZ03;Rui Costa;Ref 13545249
FR;FR 2025/5912;2025-06-07;2026-09-28;Delta Serviços Lda;PT336696956;ART018;Artigo ART018 - Lote 9561;175;PC;680.93;7;13;110821.36;14406.78;125228.14;AZ04;Rui Costa;Ref 76300723
FT;FT 2025/9150;2026-09-07;2026-12-19;Zeta Industries Lda;PT254810282;ART050;Artigo ART050 - Lote 7932;32;UN;75.00;7;6;2232.00;133.92;2365.92;AZ04;João Silva;Ref 78198009
FR;FR 2025/3443;2025-10-20;2026-07-04;Theta Group Lda;PT586619001;ART018;Artigo ART018 - Lote 5544;159;PC;299.50;13;23;41429.83;9528.86;50958.69;AZ03;Sofia Martins;Ref 74418141
FR;FR 2025/8074;2026-09-12;2025-12-21;Iota Services SA;PT277102091;ART021;Artigo ART021 - Lote 6550;465;L;156.87;0;6;72944.55;4376.67;77321.22;AZ02;Catarina Lopes;Ref 07853633
ND;ND 2025/7127;2026-10-07;2026-11-02;Iota Services SA;PT025225959;ART018;Artigo ART018 - Lote 7373;416;M;1480.78;11;6;548243.99;32894.64;581138.63;AZ04;Nuno Rodrigues;Ref 44041761
RG;RG 2025/4413;2025-01-18;2025-07-01;Gama Corp;PT327661883;ART018;Artigo ART018 - Lote 0260;258;L;2559.52;10;23;594320.54;136693.72;731014.26;AZ02;Nuno Rodrigues;Ref 49223818
NC;NC 2025/7043;2026-06-08;2025-02-12;Theta Group Lda;PT757971886;ART033;Artigo ART033 - Lote 7392;370;PC;207.42;3;6;74443.04;4466.58;78909.62;AZ04;Bruno Alves;Ref 52943042
FT;FT 2025/5514;2026-03-04;2025-04-17;Delta Serviços Lda;PT087578729;ART050;Artigo ART050 - Lote 8232;331;L;507.26;2;13;164545.00;21390.85;185935.85;AZ01;Ana Pereira;Ref 82528493
FT;FT 2025/4964;2024-08-22;2026-08-19;Zeta Industries Lda;PT941079871;ART030;Artigo ART030 - Lote 0221;9;PC;1447.70;6;13;12247.54;1592.18;13839.72;AZ01;Rui Costa;Ref 82362438
ND;ND 2025/2731;2024-07-31;2026-11-05;Kappa Manufacturing Lda;PT391094003;ART025;Artigo ART025 - Lote 1001;445;PC;953.99;5;13;403299.27;52428.91;455728.18;AZ01;Maria Santos;Ref 99264905
ND;ND 2025/2246;2025-01-25;2025-02-09;Zeta Industries Lda;PT186243483;ART050;Artigo ART050 - Lote 5784;191;KG;1775.27;6;23;318731.98;73308.36;392040.34;AZ04;João Silva;Ref 54339078
NC;NC 2025/2950;2024-11-07;2026-01-15;Epsilon Tech SA;PT970839629;ART007;Artigo ART007 - Lote 5499;476;PC;2734.30;7;23;1210419.92;278396.58;1488816.50;AZ03;Sofia Martins;Ref 66920919
ND;ND 2025/7010;2024-08-15;2026-05-30;Epsilon Tech SA;PT958658481;ART007;Artigo ART007 - Lote 9584;360;L;1386.16;9;13;454106.02;59033.78;513139.80;AZ02;Sofia Martins;Ref 50345877
RG;RG 2025/6362;2026-07-06;2025-06-25;Theta Group Lda;PT424820297;ART025;Artigo ART025 - Lote 8203;480;M;1971.44;12;13;832736.26;108255.71;940991.97;AZ02;Nuno Rodrigues;Ref 75158082
RG;RG 2025/4964;2025-04-13;2025-11-30;Theta Group Lda;PT310266716;ART001;Artigo ART001 - Lote 2953;254;CX;1885.86;6;13;450267.93;58534.83;508802.76;AZ01;Bruno Alves;Ref 47537418
FT;FT 2025/2237;2024-02-05;2025-11-07;Gama Corp;PT854080384;ART025;Artigo ART025 - Lote 5298;185;M3;843.82;0;23;156106.70;35904.54;192011.24;AZ01;João Silva;Ref 51296189
NC;NC 2025/1849;2025-12-09;2025-07-28;Beta Solutions SA;PT732502090;ART045;Artigo ART045 - Lote 6902;40;KG;1045.02;15;13;35530.68;4618.99;40149.67;AZ02;Maria Santos;Ref 22682029
FR;FR 2025/5451;2025-03-04;2026-09-28;Zeta Industries Lda;PT649783084;ART033;Artigo ART033 - Lote 4236;253;CX;1126.51;7;6;265056.54;15903.39;280959.93;AZ05;Sofia Martins;Ref 54427558
ND;ND 2025/1125;2026-05-31;2025-10-23;Delta Serviços Lda;PT273476502;ART045;Artigo ART045 - Lote 1895;400;L;2908.35;10;23;1047006.00;240811.38;1287817.38;AZ02;João Silva;Ref 16603083
ND;ND 2025/7948;2025-10-11;2025-06-22;Epsilon Tech SA;PT522705981;ART018;Artigo ART018 - Lote 7325;82;PC;624.66;2;13;50197.68;6525.70;56723.38;AZ03;João Silva;Ref 78554688
ND;ND 2025/0564;2025-09-24;2026-09-06;Zeta Industries Lda;PT799693074;ART015;Artigo ART015 - Lote 7943;29;CX;1731.81;11;23;44698.02;10280.54;54978.56;AZ02;Maria Santos;Ref 92990031
NC;NC 2025/8898;2026-04-03;2025-04-14;Delta Serviços Lda;PT229709928;ART040;Artigo ART040 - Lote 8919;5;L;1927.51;15;13;8191.92;1064.95;9256.87;AZ03;Sofia Martins;Ref 59836170
NC;NC 2025/7157;2025-01-13;2025-10-06;Zeta Industries Lda;PT460103488;ART015;Artigo ART015 - Lote 3586;266;M2;120.04;0;6;31930.64;1915.84;33846.48;AZ03;Rui Costa;Ref 36371627
RG;RG 2025/7576;2026-11-24;2026-10-01;Iota Services SA;PT204249468;ART040;Artigo ART040 - Lote 8240;454;M2;2135.24;14;23;833683.11;191747.12;1025430.23;AZ04;Catarina Lopes;Ref 91687230
NC;NC 2025/4453;2024-07-03;2026-11-02;Iota Services SA;PT251849510;ART015;Artigo ART015 - Lote 5217;391;M;1204.64;15;13;400362.10;52047.07;452409.17;AZ04;João Silva;Ref 99705850
FT;FT 2025/8036;2026-02-27;2026-09-07;Beta Solutions SA;PT875063865;ART001;Artigo ART001 - Lote 6433;48;UN;308.31;5;13;14058.94;1827.66;15886.60;AZ05;Carlos Oliveira;Ref 81127166
ND;ND 2025/2877;2025-02-21;2025-09-28;Theta Group Lda;PT781138843;ART015;Artigo ART015 - Lote 4043;59;M3;1390.77;0;13;82055.43;10667.21;92722.64;AZ01;João Silva;Ref 96634363
NC;NC 2025/1060;2026-05-15;2026-09-08;Beta Solutions SA;PT897527459;ART018;Artigo ART018 - Lote 8340;242;CX;791.24;1;23;189565.28;43600.01;233165.29;AZ05;João Silva;Ref 10029215
ND;ND 2025/6912;2026-12-08;2026-03-24;ACME Lda;PT632802882;ART007;Artigo ART007 - Lote 6899;470;KG;262.71;3;23;119769.49;27546.98;147316.47;AZ01;Sofia Martins;Ref 37257197
ND;ND 2025/2353;2026-05-04;2026-07-03;Theta Group Lda;PT415429097;ART001;Artigo ART001 - Lote 5072;247;M;1570.16;5;6;368438.04;22106.28;390544.32;AZ01;Maria Santos;Ref 57599570
ND;ND 2025/4980;2025-02-14;2026-05-30;Iota Services SA;PT729437056;ART040;Artigo ART040 - Lote 2237;304;UN;402.33;11;6;108854.40;6531.26;115385.66;AZ05;Maria Santos;Ref 97147356
ND;ND 2025/7860;2025-04-27;2025-09-23;Kappa Manufacturing Lda;PT512731484;ART040;Artigo ART040 - Lote 6042;205;PC;2403.94;1;13;487879.62;63424.35;551303.97;AZ01;Maria Santos;Ref 38908766
NC;NC 2025/4929;2024-11-16;2025-12-26;Epsilon Tech SA;PT504877840;ART021;Artigo ART021 - Lote 2865;488;M3;738.64;13;6;313597.00;18815.82;332412.82;AZ03;Rui Costa;Ref 07213220
ND;ND 2025/3663;2026-10-31;2026-02-28;Epsilon Tech SA;PT145674814;ART030;Artigo ART030 - Lote 8281;176;CX;1899.67;0;23;334341.92;76898.64;411240.56;AZ03;Rui Costa;Ref 43002433
NC;NC 2025/0850;2025-06-16;2026-03-24;Gama Corp;PT252553878;ART021;Artigo ART021 - Lote 8083;331;L;1644.85;14;13;468223.00;60868.99;529091.99;AZ05;Bruno Alves;Ref 01539056
ND;ND 2025/7291;2026-08-31;2026-01-29;Zeta Industries Lda;PT033015997;ART001;Artigo ART001 - Lote 3752;336;UN;2635.18;13;23;770315.82;177172.64;947488.46;AZ05;Ana Pereira;Ref 12165680
FT;FT 2025/8245;2024-05-10;2026-03-13;Kappa Manufacturing Lda;PT353506036;ART018;Artigo ART018 - Lote 7886;483;UN;263.73;13;13;110821.98;14406.86;125228.84;AZ02;Sofia Martins;Ref 08806078
NC;NC 2025/3812;2026-08-31;2026-09-17;Iota Services SA;PT280876967;ART001;Artigo ART001 - Lote 0831;336;PC;2490.07;9;13;761363.80;98977.29;860341.09;AZ04;João Silva;Ref 83329593
FR;FR 2025/1378;2024-01-12;2025-04-27;Theta Group Lda;PT258163963;ART045;Artigo ART045 - Lote 0850;64;M2;1125.46;8;23;66267.08;15241.43;81508.51;AZ03;Rui Costa;Ref 85189556
NC;NC 2025/2014;2024-11-04;2026-06-20;Kappa Manufacturing Lda;PT827214060;ART050;Artigo ART050 - Lote 8152;483;CX;2185.98;10;13;950245.51;123531.92;1073777.43;AZ02;João Silva;Ref 25159571
FR;FR 2025/1936;2024-04-13;2025-01-07;Delta Serviços Lda;PT212725086;ART003;Artigo ART003 - Lote 9004;294;L;2951.33;7;23;806952.65;185599.11;992551.76;AZ03;Rui Costa;Ref 22981692
ND;ND 2025/8247;2025-06-16;2025-03-04;ACME Lda;PT388063063;ART015;Artigo ART015 - Lote 9318;93;KG;1405.75;14;6;112431.88;6745.91;119177.79;AZ02;Nuno Rodrigues;Ref 12959633
FT;FT 2025/0276;2025-07-03;2025-07-31;Theta Group Lda;PT749808596;ART021;Artigo ART021 - Lote 3238;434;M2;130.86;10;13;51113.92;6644.81;57758.73;AZ02;Pedro Fernandes;Ref 66520450
RG;RG 2025/4474;2024-02-11;2026-04-17;Beta Solutions SA;PT603614557;ART003;Artigo ART003 - Lote 2651;456;M;580.45;9;6;240863.53;14451.81;255315.34;AZ05;Carlos Oliveira;Ref 83201694
ND;ND 2025/0390;2026-10-11;2025-11-26;Zeta Industries Lda;PT894734414;ART033;Artigo ART033 - Lote 9968;166;UN;1541.27;15;6;217473.20;13048.39;230521.59;AZ01;Catarina Lopes;Ref 26005116
ND;ND 2025/1413;2025-11-18;2026-05-06;ACME Lda;PT753372633;ART021;Artigo ART021 - Lote 8607;270;L;2016.46;13;6;473666.45;28419.99;502086.44;AZ01;Catarina Lopes;Ref 38105861
NC;NC 2025/7467;2026-06-10;2025-05-11;Gama Corp;PT289858333;ART021;Artigo ART021 - Lote 8185;196;KG;552.31;12;6;95262.43;5715.75;100978.18;AZ03;Nuno Rodrigues;Ref 37379712
ND;ND 2025/9433;2024-11-26;2026-07-17;Epsilon Tech SA;PT349033557;ART002;Artigo ART002 - Lote 9271;339;CX;823.72;7;13;259694.20;33760.25;293454.45;AZ03;Nuno Rodrigues;Ref 19114151
ND;ND 2025/8310;2024-09-11;2026-10-13;Theta Group Lda;PT270307010;ART045;Artigo ART045 - Lote 5970;255;M;1871.37;10;13;429479.41;55832.32;485311.73;AZ05;Ana Pereira;Ref 61948889
NC;NC 2025/3976;2026-01-17;2026-04-19;Gama Corp;PT512803735;ART045;Artigo ART045 - Lote 3499;2;UN;992.52;3;23;1925.49;442.86;2368.35;AZ03;Bruno Alves;Ref 93497718
FT;FT 2025/9049;2026-10-01;2025-02-04;Gama Corp;PT795011117;ART018;Artigo ART018 - Lote 0785;50;KG;699.31;3;13;33916.53;4409.15;38325.68;AZ05;Catarina Lopes;Ref 20079683
RG;RG 2025/2520;2025-06-09;2025-01-18;Theta Group Lda;PT630539263;ART030;Artigo ART030 - Lote 5156;275;M3;2658.74;15;13;621480.47;80792.46;702272.93;AZ02;Pedro Fernandes;Ref 80514058
RG;RG 2025/0381;2024-01-10;2026-02-04;ACME Lda;PT898587424;ART033;Artigo ART033 - Lote 1334;401;PC;2523.66;4;6;971508.15;58290.49;1029798.64;AZ04;Ana Pereira;Ref 41551794
FT;FT 2025/0080;2026-05-09;2026-03-08;Theta Group Lda;PT789824115;ART007;Artigo ART007 - Lote 4775;128;CX;1472.58;9;6;171526.12;10291.57;181817.69;AZ03;Bruno Alves;Ref 27978625
FT;FT 2025/8099;2024-10-13;2026-11-30;Zeta Industries Lda;PT186533513;ART045;Artigo ART045 - Lote 6128;78;M3;1068.06;2;6;81642.51;4898.55;86541.06;AZ03;Pedro Fernandes;Ref 93091577
NC;NC 2025/6051;2025-08-21;2026-06-05;ACME Lda;PT376032876;ART012;Artigo ART012 - Lote 7756;500;UN;1565.72;1;23;775031.40;178257.22;953288.62;AZ01;Rui Costa;Ref 32351391
FT;FT 2025/3048;2024-05-17;2025-02-09;Kappa Manufacturing Lda;PT275611693;ART002;Artigo ART002 - Lote 9081;76;L;2883.04;7;13;203773.27;26490.53;230263.80;AZ02;Bruno Alves;Ref 03168471
NC;NC 2025/1226;2025-12-31;2026-02-17;Gama Corp;PT766982613;ART033;Artigo ART033 - Lote 3833;89;KG;1066.25;11;6;84457.66;5067.46;89525.12;AZ05;Carlos Oliveira;Ref 04840543
RG;RG 2025/0043;2025-05-15;2026-07-25;Zeta Industries Lda;PT461603385;ART050;Artigo ART050 - Lote 6911;293;M;2679.06;10;6;706468.12;42388.09;748856.21;AZ03;Rui Costa;Ref 34409017
FR;FR 2025/1250;2025-06-24;2026-10-01;Theta Group Lda;PT649095584;ART001;Artigo ART001 - Lote 5833;472;M3;2052.97;3;13;939931.78;122191.13;1062122.91;AZ05;Catarina Lopes;Ref 24295114
RG;RG 2025/9223;2026-02-22;2026-05-26;Epsilon Tech SA;PT186673605;ART025;Artigo ART025 - Lote 3387;479;L;1356.19;12;23;571661.21;131482.08;703143.29;AZ05;Rui Costa;Ref 94119897
FT;FT 2025/1792;2024-02-18;2025-10-09;Iota Services SA;PT885841871;ART003;Artigo ART003 - Lote 0808;198;M3;1551.72;5;23;291878.53;67132.06;359010.59;AZ02;João Silva;Ref 40587747
FT;FT 2025/0803;2024-03-05;2025-09-27;Kappa Manufacturing Lda;PT102182792;ART055;Artigo ART055 - Lote 7647;28;M;2630.56;6;6;69236.34;4154.18;73390.52;AZ05;Pedro Fernandes;Ref 88983523
ND;ND 2025/0421;2026-07-14;2025-01-06;Kappa Manufacturing Lda;PT199709677;ART045;Artigo ART045 - Lote 8671;283;CX;2486.09;4;6;675420.93;40525.26;715946.19;AZ04;Sofia Martins;Ref 18367943
ND;ND 2025/1995;2025-07-01;2025-07-30;Beta Solutions SA;PT646309427;ART021;Artigo ART021 - Lote 0108;227;KG;1744.14;3;23;384042.19;88329.70;472371.89;AZ05;João Silva;Ref 04507626
ND;ND 2025/6030;2024-09-30;2025-03-15;Beta Solutions SA;PT982930875;ART003;Artigo ART003 - Lote 3640;102;L;2119.73;4;23;207563.96;47739.71;255303.67;AZ01;Maria Santos;Ref 02372622
RG;RG 2025/1431;2024-12-20;2025-02-10;Eta Consulting SA;PT829312611;ART040;Artigo ART040 - Lote 9387;65;UN;2295.26;5;13;141732.31;18425.20;160157.51;AZ02;Rui Costa;Ref 42222288
NC;NC 2025/1965;2026-10-05;2025-06-30;Eta Consulting SA;PT507656599;ART015;Artigo ART015 - Lote 7877;465;CX;315.59;6;13;137944.39;17932.77;155877.16;AZ01;Carlos Oliveira;Ref 94012605
FR;FR 2025/5266;2024-01-19;2025-05-24;Zeta Industries Lda;PT197860888;ART012;Artigo ART012 - Lote 3180;175;CX;168.37;13;13;25634.33;3332.46;28966.79;AZ03;Maria Santos;Ref 97065495
FR;FR 2025/6430;2024-06-30;2025-01-14;Beta Solutions SA;PT079189846;ART055;Artigo ART055 - Lote 1500;4;UN;1827.79;0;23;7311.16;1681.57;8992.73;AZ02;Carlos Oliveira;Ref 38243035
FR;FR 2025/2320;2025-03-14;2026-02-25;Kappa Manufacturing Lda;PT105480053;ART012;Artigo ART012 - Lote 8459;180;L;2051.08;0;6;369194.40;22151.66;391346.06;AZ01;Bruno Alves;Ref 50728668
RG;RG 2025/1263;2025-07-19;2026-02-14;Eta Consulting SA;PT611434978;ART003;Artigo ART003 - Lote 7376;82;CX;2772.13;8;23;209129.49;48099.78;257229.27;AZ02;Pedro Fernandes;Ref 41711716
ND;ND 2025/7687;2026-12-21;2026-02-12;Zeta Industries Lda;PT369768698;ART001;Artigo ART001 - Lote 0197;358;KG;75.78;11;13;24145.02;3138.85;27283.87;AZ01;João Silva;Ref 03456760
RG;RG 2025/4720;2024-02-24;2025-02-12;Delta Serviços Lda;PT224513921;ART040;Artigo ART040 - Lote 1351;372;KG;2341.75;8;23;801440.52;184331.32;985771.84;AZ04;Bruno Alves;Ref 31579150
FT;FT 2025/3829;2025-12-12;2025-03-12;Eta Consulting SA;PT235834293;ART030;Artigo ART030 - Lote 3227;451;M2;862.54;15;23;330654.71;76050.58;406705.29;AZ02;Catarina Lopes;Ref 88429765
ND;ND 2025/5094;2024-10-24;2025-11-03;Delta Serviços Lda;PT322628772;ART021;Artigo ART021 - Lote 6514;445;KG;2849.72;7;23;1179356.62;271252.02;1450608.64;AZ01;Sofia Martins;Ref 79807910
FR;FR 2025/9248;2026-10-09;2025-03-29;Gama Corp;PT794720424;ART055;Artigo ART055 - Lote 9320;302;M2;2991.15;15;13;767828.21;99817.67;867645.88;AZ02;Pedro Fernandes;Ref 85698976
FR;FR 2025/3108;2026-05-25;2025-07-14;Iota Services SA;PT868616651;ART050;Artigo ART050 - Lote 3103;172;KG;2023.24;1;23;344517.31;79238.98;423756.29;AZ01;Pedro Fernandes;Ref 92435136
RG;RG 2025/5506;2026-04-13;2025-03-09;Iota Services SA;PT329952675;ART045;Artigo ART045 - Lote 9533;480;M2;2331.23;1;6;1107800.50;66468.03;1174268.53;AZ03;Maria Santos;Ref 25933776
NC;NC 2025/3509;2026-05-18;2026-08-08;Gama Corp;PT026650985;ART012;Artigo ART012 - Lote 5172;104;M3;535.08;3;23;53978.87;12415.14;66394.01;AZ01;Pedro Fernandes;Ref 91318700
ND;ND 2025/8623;2024-03-04;2026-05-29;Gama Corp;PT942331602;ART033;Artigo ART033 - Lote 4360;13;L;2770.08;15;13;30609.38;3979.22;34588.60;AZ05;Sofia Martins;Ref 23412102
NC;NC 2025/6955;2024-02-22;2025-06-08;Zeta Industries Lda;PT728714265;ART015;Artigo ART015 - Lote 6246;201;M3;2651.80;3;13;517021.45;67212.79;584234.24;AZ04;Bruno Alves;Ref 88256063
NC;NC 2025/2716;2026-07-04;2025-08-14;Iota Services SA;PT574096961;ART003;Artigo ART003 - Lote 4811;167;M2;1576.36;6;13;247456.99;32169.41;279626.40;AZ02;Bruno Alves;Ref 05343436
FR;FR 2025/5768;2026-02-04;2026-04-15;Eta Consulting SA;PT210509714;ART045;Artigo ART045 - Lote 7644;496;CX;1773.04;12;6;773896.50;46433.79;820330.29;AZ02;Bruno Alves;Ref 11087924
FT;FT 2025/8674;2026-01-26;2025-06-20;ACME Lda;PT397574785;ART045;Artigo ART045 - Lote 5321;180;L;2830.07;15;6;433000.71;25980.04;458980.75;AZ05;Nuno Rodrigues;Ref 27662829
NC;NC 2025/2276;2024-06-11;2025-12-03;Iota Services SA;PT094354779;ART001;Artigo ART001 - Lote 6156;204;KG;2005.04;4;6;392667.03;23560.02;416227.05;AZ05;Maria Santos;Ref 91736310
FR;FR 2025/8288;2026-11-19;2026-07-19;Gama Corp;PT810510610;ART001;Artigo ART001 - Lote 3186;404;UN;2913.92;15;6;1000640.13;60038.41;1060678.54;AZ02;Catarina Lopes;Ref 87335818
FT;FT 2025/8772;2024-01-29;2025-11-21;Kappa Manufacturing Lda;PT744468174;ART015;Artigo ART015 - Lote 7450;108;L;919.14;10;6;89340.41;5360.42;94700.83;AZ01;Bruno Alves;Ref 06172942
FR;FR 2025/0608;2025-01-20;2026-12-03;ACME Lda;PT329476048;ART045;Artigo ART045 - Lote 0424;193;KG;2598.46;10;13;451352.50;58675.82;510028.32;AZ01;Bruno Alves;Ref 02519139
NC;NC 2025/3113;2024-01-18;2026-01-17;Zeta Industries Lda;PT038796252;ART001;Artigo ART001 - Lote 0155;420;PC;15.21;5;23;6068.79;1395.82;7464.61;AZ05;Bruno Alves;Ref 04730249
FR;FR 2025/6072;2026-10-20;2025-08-19;Gama Corp;PT832051077;ART055;Artigo ART055 - Lote 6273;434;PC;2320.97;14;23;866278.84;199244.13;1065522.97;AZ04;Ana Pereira;Ref 84441223
FT;FT 2025/8221;2025-07-24;2025-11-01;ACME Lda;PT395087558;ART030;Artigo ART030 - Lote 2438;79;PC;741.42;7;13;54472.13;7081.38;61553.51;AZ03;Pedro Fernandes;Ref 84734145
FT;FT 2025/6570;2024-03-26;2026-07-24;Eta Consulting SA;PT204776087;ART015;Artigo ART015 - Lote 3396;12;CX;313.51;1;13;3724.50;484.19;4208.69;AZ03;Carlos Oliveira;Ref 53034828
RG;RG 2025/4568;2026-10-29;2025-08-16;Eta Consulting SA;PT416148499;ART055;Artigo ART055 - Lote 0455;246;L;2331.61;5;6;544897.26;32693.84;577591.10;AZ04;Nuno Rodrigues;Ref 10343931
NC;NC 2025/3454;2026-07-26;2025-07-15;Epsilon Tech SA;PT274359267;ART021;Artigo ART021 - Lote 7362;7;PC;1649.73;3;13;11201.67;1456.22;12657.89;AZ05;Bruno Alves;Ref 51419226
FR;FR 2025/7667;2024-06-15;2025-09-07;Zeta Industries Lda;PT877208416;ART018;Artigo ART018 - Lote 6134;433;PC;1164.49;0;23;504224.17;115971.56;620195.73;AZ03;Bruno Alves;Ref 11990233
NC;NC 2025/7776;2025-04-09;2026-08-06;Beta Solutions SA;PT795346070;ART002;Artigo ART002 - Lote 7390;340;L;2209.92;13;13;653694.34;84980.26;738674.60;AZ04;João Silva;Ref 87263026
ND;ND 2025/6060;2024-07-20;2026-11-22;Epsilon Tech SA;PT715703551;ART007;Artigo ART007 - Lote 9854;24;M2;1890.82;13;23;39480.32;9080.47;48560.79;AZ01;Maria Santos;Ref 65038254
FT;FT 2025/2056;2025-06-24;2025-02-03;Gama Corp;PT529357316;ART030;Artigo ART030 - Lote 8453;412;KG;357.01;0;13;147088.12;19121.46;166209.58;AZ05;Maria Santos;Ref 82616919
RG;RG 2025/1448;2024-04-21;2025-07-10;Kappa Manufacturing Lda;PT734407523;ART007;Artigo ART007 - Lote 5483;186;KG;1854.07;13;6;300025.61;18001.54;318027.15;AZ01;Bruno Alves;Ref 93492573
RG;RG 2025/5719;2025-11-28;2026-07-17;Gama Corp;PT708156748;ART003;Artigo ART003 - Lote 8265;433;M;1371.95;6;23;558411.09;128434.55;686845.64;AZ04;João Silva;Ref 24979017
FT;FT 2025/3115;2025-11-29;2025-03-28;Iota Services SA;PT025635100;ART001;Artigo ART001 - Lote 5717;315;PC;18.61;0;23;5862.15;1348.29;7210.44;AZ03;Nuno Rodrigues;Ref 53188808
FR;FR 2025/7143;2024-09-03;2026-10-13;Zeta Industries Lda;PT340722319;ART055;Artigo ART055 - Lote 0122;399;M;2411.56;5;23;914101.82;210243.42;1124345.24;AZ05;Carlos Oliveira;Ref 28334640
RG;RG 2025/1924;2025-10-13;2025-01-26;Zeta Industries Lda;PT903745609;ART018;Artigo ART018 - Lote 1954;78;M3;2435.31;9;13;172858.30;22471.58;195329.88;AZ05;Nuno Rodrigues;Ref 64349419
FR;FR 2025/1002;2024-04-04;2025-01-31;Epsilon Tech SA;PT804725385;ART018;Artigo ART018 - Lote 4228;232;M;2412.35;11;6;498102.03;29886.12;527988.15;AZ03;Maria Santos;Ref 57146742
NC;NC 2025/6235;2026-06-04;2026-04-26;Beta Solutions SA;PT394011489;ART045;Artigo ART045 - Lote 9426;359;CX;2721.92;2;13;957625.89;124491.37;1082117.26;AZ02;Bruno Alves;Ref 66887067
FT;FT 2025/7396;2024-08-08;2025-05-27;ACME Lda;PT809830195;ART015;Artigo ART015 - Lote 4922;203;M3;1040.69;14;6;181683.66;10901.02;192584.68;AZ02;Rui Costa;Ref 79753277
RG;RG 2025/9913;2024-03-07;2025-03-17;Theta Group Lda;PT489110152;ART018;Artigo ART018 - Lote 7617;439;KG;1040.19;15;13;388146.90;50459.10;438606.00;AZ04;Maria Santos;Ref 76696965
FR;FR 2025/0809;2024-06-05;2026-11-16;Kappa Manufacturing Lda;PT052390897;ART040;Artigo ART040 - Lote 4185;454;KG;1727.05;7;23;729195.05;167714.86;896909.91;AZ01;Bruno Alves;Ref 78093491
ND;ND 2025/2167;2025-08-31;2025-11-09;Iota Services SA;PT719848009;ART012;Artigo ART012 - Lote 5719;357;UN;27.50;9;23;8933.93;2054.80;10988.73;AZ04;João Silva;Ref 02592942
NC;NC 2025/5787;2026-04-24;2025-08-12;ACME Lda;PT198469532;ART025;Artigo ART025 - Lote 1032;260;M;1450.70;9;6;343235.62;20594.14;363829.76;AZ04;Catarina Lopes;Ref 19176343
FT;FT 2025/7085;2025-12-23;2025-10-08;ACME Lda;PT566520576;ART012;Artigo ART012 - Lote 8052;318;PC;1526.04;7;13;451311.07;58670.44;509981.51;AZ01;Sofia Martins;Ref 77554792
FR;FR 2025/0327;2025-07-26;2026-04-07;Beta Solutions SA;PT751222000;ART055;Artigo ART055 - Lote 0072;76;UN;2392.23;9;23;165446.63;38052.72;203499.35;AZ01;Catarina Lopes;Ref 86204332
ND;ND 2025/6071;2025-03-22;2025-12-19;Iota Services SA;PT130782933;ART045;Artigo ART045 - Lote 0230;61;M3;2379.35;10;6;130626.32;7837.58;138463.90;AZ01;Rui Costa;Ref 83474416
RG;RG 2025/2762;2025-03-22;2025-02-19;ACME Lda;PT008278298;ART025;Artigo ART025 - Lote 4777;169;KG;2311.61;1;6;386755.47;23205.33;409960.80;AZ01;Nuno Rodrigues;Ref 40497554
RG;RG 2025/5878;2024-11-22;2025-05-17;Gama Corp;PT007373936;ART045;Artigo ART045 - Lote 8551;349;M3;443.68;8;13;142456.77;18519.38;160976.15;AZ03;Bruno Alves;Ref 20937527
NC;NC 2025/9127;2025-08-18;2026-12-22;Gama Corp;PT844033240;ART033;Artigo ART033 - Lote 7674;225;PC;2472.34;11;6;495086.09;29705.17;524791.26;AZ02;Nuno Rodrigues;Ref 32803336
NC;NC 2025/5738;2024-03-11;2026-10-04;Epsilon Tech SA;PT479098833;ART050;Artigo ART050 - Lote 3762;41;M3;2758.03;12;6;99509.72;5970.58;105480.30;AZ05;Sofia Martins;Ref 58816675
FT;FT 2025/9003;2024-04-25;2026-07-02;Gama Corp;PT091419909;ART003;Artigo ART003 - Lote 4821;150;KG;1156.39;3;13;168254.75;21873.12;190127.87;AZ05;Rui Costa;Ref 88572680
RG;RG 2025/0912;2024-12-18;2026-10-27;ACME Lda;PT711657183;ART033;Artigo ART033 - Lote 4064;131;KG;1771.58;9;23;211190.05;48573.71;259763.76;AZ01;Rui Costa;Ref 80689768
ND;ND 2025/0239;2026-10-28;2025-10-25;ACME Lda;PT298190840;ART030;Artigo ART030 - Lote 6480;119;KG;1117.23;13;13;115666.82;15036.69;130703.51;AZ04;Sofia Martins;Ref 92028572
FT;FT 2025/1970;2026-06-30;2026-06-09;Delta Serviços Lda;PT492917152;ART045;Artigo ART045 - Lote 3693;276;M2;2936.82;15;23;688977.97;158464.93;847442.90;AZ04;Nuno Rodrigues;Ref 07447126
FR;FR 2025/8699;2026-01-21;2026-12-08;Zeta Industries Lda;PT349852842;ART040;Artigo ART040 - Lote 5505;351;PC;712.32;9;13;227522.13;29577.88;257100.01;AZ04;Maria Santos;Ref 36497658
RG;RG 2025/9387;2026-03-27;2026-11-17;Theta Group Lda;PT006379207;ART050;Artigo ART050 - Lote 7294;433;M2;2761.84;14;13;1028453.98;133699.02;1162153.00;AZ05;Bruno Alves;Ref 52148358
FT;FT 2025/7005;2025-06-08;2026-09-18;Iota Services SA;PT988152484;ART050;Artigo ART050 - Lote 1531;489;PC;2372.85;0;6;1160323.65;69619.42;1229943.07;AZ01;Bruno Alves;Ref 27016043
FR;FR 2025/3751;2026-06-13;2026-10-25;Gama Corp;PT435105431;ART003;Artigo ART003 - Lote 1262;201;PC;653.69;8;13;120880.35;15714.45;136594.80;AZ03;Carlos Oliveira;Ref 58215250
FR;FR 2025/2770;2025-06-21;2026-07-29;ACME Lda;PT804874594;ART055;Artigo ART055 - Lote 6944;114;KG;52.16;9;13;5411.08;703.44;6114.52;AZ02;Pedro Fernandes;Ref 26111455
FT;FT 2025/5769;2026-03-23;2025-01-03;Kappa Manufacturing Lda;PT508615709;ART003;Artigo ART003 - Lote 5270;11;M;2012.89;12;13;19484.78;2533.02;22017.80;AZ02;Catarina Lopes;Ref 63532617
RG;RG 2025/3792;2026-09-06;2025-01-24;Beta Solutions SA;PT368722989;ART033;Artigo ART033 - Lote 0794;465;M;928.20;3;13;418664.61;54426.40;473091.01;AZ02;Carlos Oliveira;Ref 26602168
RG;RG 2025/2438;2025-02-02;2026-08-14;Delta Serviços Lda;PT287221420;ART003;Artigo ART003 - Lote 1970;197;M;71.94;0;23;14172.18;3259.60;17431.78;AZ04;Ana Pereira;Ref 37100531
FT;FT 2025/5648;2024-04-30;2026-05-21;Kappa Manufacturing Lda;PT113166147;ART012;Artigo ART012 - Lote 3006;366;L;222.53;8;23;74930.30;17233.97;92164.27;AZ05;Pedro Fernandes;Ref 83907564
FR;FR 2025/9205;2025-05-11;2026-11-03;ACME Lda;PT559490825;ART018;Artigo ART018 - Lote 1866;313;KG;38.87;15;6;10341.36;620.48;10961.84;AZ02;Catarina Lopes;Ref 40556582
ND;ND 2025/6102;2025-03-05;2025-06-02;ACME Lda;PT239922739;ART015;Artigo ART015 - Lote 5540;366;M3;1141.40;10;23;375977.16;86474.75;462451.91;AZ04;Sofia Martins;Ref 92341591
NC;NC 2025/5719;2026-11-22;2026-06-26;Beta Solutions SA;PT194144676;ART021;Artigo ART021 - Lote 7524;151;CX;1407.17;3;13;206108.19;26794.06;232902.25;AZ03;Rui Costa;Ref 16369278
RG;RG 2025/9604;2026-04-23;2026-02-19;Zeta Industries Lda;PT722146634;ART012;Artigo ART012 - Lote 2437;74;PC;1682.56;5;13;118283.97;15376.92;133660.89;AZ03;Rui Costa;Ref 71754556
FR;FR 2025/5211;2024-05-31;2026-03-13;Iota Services SA;PT625235437;ART003;Artigo ART003 - Lote 6293;76;L;101.03;3;6;7447.93;446.88;7894.81;AZ03;Pedro Fernandes;Ref 55688534
FT;FT 2025/8045;2026-02-22;2025-01-29;Beta Solutions SA;PT467275360;ART055;Artigo ART055 - Lote 4248;65;PC;2187.11;5;6;135054.04;8103.24;143157.28;AZ05;Sofia Martins;Ref 27358112
NC;NC 2025/8805;2025-04-06;2025-04-07;Delta Serviços Lda;PT386565510;ART018;Artigo ART018 - Lote 9517;41;KG;1694.82;8;13;63928.61;8310.72;72239.33;AZ01;Pedro Fernandes;Ref 22697335
FR;FR 2025/8621;2025-08-06;2025-12-02;Gama Corp;PT726057492;ART055;Artigo ART055 - Lote 4198;238;M;2974.65;15;13;601771.70;78230.32;680002.02;AZ03;Ana Pereira;Ref 85278181
ND;ND 2025/9227;2024-01-22;2025-09-07;Zeta Industries Lda;PT078459074;ART025;Artigo ART025 - Lote 6880;231;CX;2562.08;2;6;580003.67;34800.22;614803.89;AZ05;Pedro Fernandes;Ref 65177156
NC;NC 2025/0344;2026-04-12;2026-12-04;Gama Corp;PT107860909;ART025;Artigo ART025 - Lote 1245;19;PC;2373.92;12;6;39691.94;2381.52;42073.46;AZ04;Sofia Martins;Ref 25751583
FT;FT 2025/0945;2025-10-08;2026-10-21;Gama Corp;PT704971450;ART025;Artigo ART025 - Lote 6356;60;CX;2334.63;13;6;121867.69;7312.06;129179.75;AZ04;João Silva;Ref 65907073
RG;RG 2025/1599;2026-05-27;2026-11-10;ACME Lda;PT868090948;ART055;Artigo ART055 - Lote 7949;111;UN;1747.63;9;23;176528.11;40601.47;217129.58;AZ05;Ana Pereira;Ref 32125813
ND;ND 2025/5647;2026-12-13;2026-12-06;Gama Corp;PT845404004;ART018;Artigo ART018 - Lote 8886;104;M;1345.40;1;13;138522.38;18007.91;156530.29;AZ01;Pedro Fernandes;Ref 30918506
RG;RG 2025/0811;2025-03-07;2026-07-22;Beta Solutions SA;PT809350408;ART055;Artigo ART055 - Lote 3024;61;PC;846.34;13;23;44915.26;10330.51;55245.77;AZ01;Sofia Martins;Ref 42376871
ND;ND 2025/0782;2026-12-21;2026-01-31;Theta Group Lda;PT092471750;ART007;Artigo ART007 - Lote 4414;26;M3;1428.75;4;6;35661.60;2139.70;37801.30;AZ04;Carlos Oliveira;Ref 19542863
FT;FT 2025/7455;2026-08-11;2025-06-07;Iota Services SA;PT104255126;ART018;Artigo ART018 - Lote 8017;95;CX;2690.15;0;23;255564.25;58779.78;314344.03;AZ04;João Silva;Ref 66947731
RG;RG 2025/5908;2024-05-14;2026-06-14;Eta Consulting SA;PT752185689;ART030;Artigo ART030 - Lote 9483;337;M;2420.13;4;23;782960.46;180080.91;963041.37;AZ02;João Silva;Ref 90545813
NC;NC 2025/4915;2025-05-15;2026-09-03;Gama Corp;PT185325175;ART030;Artigo ART030 - Lote 9284;109;M3;65.16;9;6;6463.22;387.79;6851.01;AZ03;Pedro Fernandes;Ref 63406273
FR;FR 2025/8293;2026-02-22;2026-12-13;Beta Solutions SA;PT797113247;ART040;Artigo ART040 - Lote 1061;297;M;2429.27;9;6;656558.80;39393.53;695952.33;AZ02;Maria Santos;Ref 51972607